;egg;L1;L2;L3;pupae;total;mortality_total;mortality_L2;mortality_L3;mortality_L1;temp;loc;r_egg;r_l1;r_l2;r_l3;r_pup;r_tot;year;DT_egg;DT_L1;DT_L2;DT_L3;DT_pupae;DT_total
DSW18008;NA;23;NA;NA;NA;NA;0;0;0;1;18;Domazlice;NA;0.043478261;NA;NA;NA;NA;2013;NA;414;NA;NA;NA;NA
PSW21001;108.5;23;NA;NA;NA;NA;0;0;0;1;21;Praha;0.00921659;0.043478261;NA;NA;NA;NA;2013;2278.5;483;NA;NA;NA;NA
PSW21002;108.5;23;NA;NA;NA;NA;0;0;0;1;21;Praha;0.00921659;0.043478261;NA;NA;NA;NA;2013;2278.5;483;NA;NA;NA;NA
PSW21003;108.5;23;NA;NA;NA;NA;0;0;0;1;21;Praha;0.00921659;0.043478261;NA;NA;NA;NA;2013;2278.5;483;NA;NA;NA;NA
PSW21004;108.5;23;NA;NA;NA;NA;0;0;0;1;21;Praha;0.00921659;0.043478261;NA;NA;NA;NA;2013;2278.5;483;NA;NA;NA;NA
PSW21021;NA;23.25;NA;NA;NA;NA;0;0;0;1;21;Praha;NA;0.043010753;NA;NA;NA;NA;2013;NA;488.25;NA;NA;NA;NA
BSW21004001;NA;23.5;NA;NA;NA;NA;0;0;0;1;21;Bestvi;NA;0.042553191;NA;NA;NA;NA;2013;NA;493.5;NA;NA;NA;NA
PSW1803001;NA;24.5;NA;NA;NA;NA;0;0;0;1;18;Praha;NA;0.040816327;NA;NA;NA;NA;2013;NA;441;NA;NA;NA;NA
PSW21035;NA;43;NA;NA;NA;NA;0;0;0;1;21;Praha;NA;0.023255814;NA;NA;NA;NA;2013;NA;903;NA;NA;NA;NA
DSW18007;133;46.5;NA;NA;NA;NA;0;0;0;1;18;Domazlice;0.007518797;0.021505376;NA;NA;NA;NA;2013;2394;837;NA;NA;NA;NA
PSW21008;85;46.5;NA;NA;NA;NA;0;0;0;1;21;Praha;0.011764706;0.021505376;NA;NA;NA;NA;2013;1785;976.5;NA;NA;NA;NA
BSW21001;NA;48;NA;NA;NA;NA;0;0;0;1;21;Bestvi;NA;0.020833333;NA;NA;NA;NA;2013;NA;1008;NA;NA;NA;NA
DSW18028;134.5;48;NA;NA;NA;NA;0;0;0;1;18;Domazlice;0.007434944;0.020833333;NA;NA;NA;NA;2013;2421;864;NA;NA;NA;NA
PSW21068;109;48;NA;NA;NA;NA;0;0;0;1;21;Praha;0.009174312;0.020833333;NA;NA;NA;NA;2013;2289;1008;NA;NA;NA;NA
PSW21069;109;48;NA;NA;NA;NA;0;0;0;1;21;Praha;0.009174312;0.020833333;NA;NA;NA;NA;2013;2289;1008;NA;NA;NA;NA
PSW21070;109;48;NA;NA;NA;NA;0;0;0;1;21;Praha;0.009174312;0.020833333;NA;NA;NA;NA;2013;2289;1008;NA;NA;NA;NA
PSW2504001;57;48;NA;NA;NA;NA;0;0;0;1;25;Praha;0.01754386;0.020833333;NA;NA;NA;NA;2013;1425;1200;NA;NA;NA;NA
BSW18013;NA;68;NA;NA;NA;NA;0;0;0;1;18;Bestvi;NA;0.014705882;NA;NA;NA;NA;2013;NA;1224;NA;NA;NA;NA
PSW18020;137.7500007;68;NA;NA;NA;NA;0;0;0;1;18;Praha;0.007259528;0.014705882;NA;NA;NA;NA;2013;2479.500013;1224;NA;NA;NA;NA
KSW1801005;NA;71;NA;NA;NA;NA;0;0;0;1;18;Klatovy;NA;0.014084507;NA;NA;NA;NA;2013;NA;1278;NA;NA;NA;NA
45B15;144;72;NA;NA;NA;NA;0;0;0;1;15;Bestvi;0.006944444;0.013888889;NA;NA;NA;NA;2012;2160;1080;NA;NA;NA;NA
46B15;144;72;NA;NA;NA;NA;0;0;0;1;15;Bestvi;0.006944444;0.013888889;NA;NA;NA;NA;2012;2160;1080;NA;NA;NA;NA
BSW21032;112.5;72;NA;NA;NA;624;1;1;1;1;21;Bestvi;0.008888889;0.013888889;NA;NA;NA;0.001602564;2013;2362.5;1512;NA;NA;NA;13104
85B21;72;72;NA;NA;NA;NA;0;0;0;1;21;Bestvi;0.013888889;0.013888889;NA;NA;NA;NA;2012;1512;1512;NA;NA;NA;NA
BSW21007;107;72.5;NA;NA;NA;NA;0;0;0;1;21;Bestvi;0.009345794;0.013793103;NA;NA;NA;NA;2013;2247;1522.5;NA;NA;NA;NA
BSW21002;NA;74;NA;NA;NA;NA;0;0;0;1;21;Bestvi;NA;0.013513514;NA;NA;NA;NA;2013;NA;1554;NA;NA;NA;NA
PSW21039;155;76;NA;NA;NA;NA;0;0;0;1;21;Praha;0.006451613;0.013157895;NA;NA;NA;NA;2013;3255;1596;NA;NA;NA;NA
KSW18009;132.5;76;NA;NA;NA;NA;0;0;0;1;18;Klatovy;0.00754717;0.013157895;NA;NA;NA;NA;2013;2385;1368;NA;NA;NA;NA
PSW21062;106.5;76;NA;NA;NA;NA;0;0;0;1;21;Praha;0.009389671;0.013157895;NA;NA;NA;NA;2013;2236.5;1596;NA;NA;NA;NA
PSW15014;233.0000007;90.5;NA;NA;NA;NA;0;0;0;1;15;Praha;0.004291845;0.011049724;NA;NA;NA;NA;2013;3495.000011;1357.5;NA;NA;NA;NA
PSW21072;86;90.5;NA;NA;NA;NA;0;1;0;1;21;Praha;0.011627907;0.011049724;NA;NA;NA;NA;2013;1806;1900.5;NA;NA;NA;NA
PSW21009;85;94.25;NA;NA;NA;NA;0;0;0;1;21;Praha;0.011764706;0.01061008;NA;NA;NA;NA;2013;1785;1979.25;NA;NA;NA;NA
PSW18017;111.25;95;NA;NA;NA;NA;0;0;0;1;18;Praha;0.008988764;0.010526316;NA;NA;NA;NA;2013;2002.5;1710;NA;NA;NA;NA
PSW21031;87;95;NA;NA;NA;NA;0;0;0;1;21;Praha;0.011494253;0.010526316;NA;NA;NA;NA;2013;1827;1995;NA;NA;NA;NA
94P15;144;96;NA;NA;NA;NA;0;0;0;1;15;Praha;0.006944444;0.010416667;NA;NA;NA;NA;2012;2160;1440;NA;NA;NA;NA
95P15;144;96;NA;NA;NA;NA;0;0;0;1;15;Praha;0.006944444;0.010416667;NA;NA;NA;NA;2012;2160;1440;NA;NA;NA;NA
96P15;144;96;NA;NA;NA;NA;0;0;0;1;15;Praha;0.006944444;0.010416667;NA;NA;NA;NA;2012;2160;1440;NA;NA;NA;NA
97P15;144;96;NA;NA;NA;NA;0;0;0;1;15;Praha;0.006944444;0.010416667;NA;NA;NA;NA;2012;2160;1440;NA;NA;NA;NA
PSW21057;112.5;96;NA;NA;NA;NA;0;0;0;1;21;Praha;0.008888889;0.010416667;NA;NA;NA;NA;2013;2362.5;2016;NA;NA;NA;NA
PSW21048;88.5;96;NA;NA;NA;NA;0;0;0;1;21;Praha;0.011299435;0.010416667;NA;NA;NA;NA;2013;1858.5;2016;NA;NA;NA;NA
PSW18031;113.0000007;96;NA;NA;NA;NA;0;1;0;1;18;Praha;0.008849557;0.010416667;NA;NA;NA;NA;2013;2034.000013;1728;NA;NA;NA;NA
PSW21015;107.0000007;98;NA;NA;NA;NA;0;0;0;1;21;Praha;0.009345794;0.010204082;NA;NA;NA;NA;2013;2247.000015;2058;NA;NA;NA;NA
PSW21018;107.0000007;98;NA;NA;NA;NA;0;0;0;1;21;Praha;0.009345794;0.010204082;NA;NA;NA;NA;2013;2247.000015;2058;NA;NA;NA;NA
BSW21011;82.5;98;NA;NA;NA;NA;0;0;0;1;21;Bestvi;0.012121212;0.010204082;NA;NA;NA;NA;2013;1732.5;2058;NA;NA;NA;NA
DSW18013;NA;99.5;NA;NA;NA;NA;0;0;0;1;18;Domazlice;NA;0.010050251;NA;NA;NA;NA;2013;NA;1791;NA;NA;NA;NA
DSW18022;105.5;100;NA;NA;NA;NA;0;0;0;1;18;Domazlice;0.009478673;0.01;NA;NA;NA;NA;2013;1899;1800;NA;NA;NA;NA
PSW15010;185.0000007;119;NA;NA;NA;NA;0;0;0;1;15;Praha;0.005405405;0.008403361;NA;NA;NA;NA;2013;2775.000011;1785;NA;NA;NA;NA
BSW18027;113.0000007;120;NA;NA;NA;NA;0;0;0;1;18;Bestvi;0.008849557;0.008333333;NA;NA;NA;NA;2013;2034.000013;2160;NA;NA;NA;NA
DSW18025;113.0000007;120;NA;NA;NA;NA;0;0;0;1;18;Domazlice;0.008849557;0.008333333;NA;NA;NA;NA;2013;2034.000013;2160;NA;NA;NA;NA
138P15;96;120;NA;NA;NA;NA;0;0;0;1;15;Praha;0.010416667;0.008333333;NA;NA;NA;NA;2012;1440;1800;NA;NA;NA;NA
139P15;96;120;NA;NA;NA;NA;0;0;0;1;15;Praha;0.010416667;0.008333333;NA;NA;NA;NA;2012;1440;1800;NA;NA;NA;NA
DSW18024;109.5000007;121;NA;NA;NA;NA;0;0;0;1;18;Domazlice;0.00913242;0.008264463;NA;NA;NA;NA;2013;1971.000013;2178;NA;NA;NA;NA
PSW21010;108;121.5;NA;NA;NA;NA;0;0;0;1;21;Praha;0.009259259;0.008230453;NA;NA;NA;NA;2013;2268;2551.5;NA;NA;NA;NA
KSW18004;154.25;125;NA;NA;NA;NA;0;0;0;1;18;Klatovy;0.006482982;0.008;NA;NA;NA;NA;2013;2776.5;2250;NA;NA;NA;NA
PSW21017;107.0000007;125.5;NA;NA;NA;NA;0;0;0;1;21;Praha;0.009345794;0.007968127;NA;NA;NA;NA;2013;2247.000015;2635.5;NA;NA;NA;NA
PSW15005;181.5;141;NA;NA;NA;NA;0;0;0;1;15;Praha;0.005509642;0.007092199;NA;NA;NA;NA;2013;2722.5;2115;NA;NA;NA;NA
137P15;216;144;NA;NA;NA;NA;0;0;0;1;15;Praha;0.00462963;0.006944444;NA;NA;NA;NA;2012;3240;2160;NA;NA;NA;NA
PSW15015;233.0000007;144;NA;NA;NA;NA;0;1;0;1;15;Praha;0.004291845;0.006944444;NA;NA;NA;NA;2013;3495.000011;2160;NA;NA;NA;NA
PSW15008;178.5000007;147;NA;NA;NA;NA;0;0;0;1;15;Praha;0.005602241;0.006802721;NA;NA;NA;NA;2013;2677.500011;2205;NA;NA;NA;NA
BSW15006;157.0000007;166.5;NA;NA;NA;NA;0;0;0;1;15;Bestvi;0.006369427;0.006006006;NA;NA;NA;NA;2013;2355.000011;2497.5;NA;NA;NA;NA
PSW15006;205.5;186.5;NA;NA;NA;NA;0;0;0;1;15;Praha;0.00486618;0.00536193;NA;NA;NA;NA;2013;3082.5;2797.5;NA;NA;NA;NA
BSW15007;157.0000007;189;NA;NA;NA;NA;0;0;0;1;15;Bestvi;0.006369427;0.005291005;NA;NA;NA;NA;2013;2355.000011;2835;NA;NA;NA;NA
BSW15005;178.5000007;190.75;NA;NA;NA;NA;0;0;0;1;15;Bestvi;0.005602241;0.005242464;NA;NA;NA;NA;2013;2677.500011;2861.25;NA;NA;NA;NA
PSW15009;178.5000007;190.75;NA;NA;NA;NA;0;0;0;1;15;Praha;0.005602241;0.005242464;NA;NA;NA;NA;2013;2677.500011;2861.25;NA;NA;NA;NA
PSW15012;208.5;191;NA;NA;NA;NA;0;0;0;1;15;Praha;0.004796163;0.005235602;NA;NA;NA;NA;2013;3127.5;2865;NA;NA;NA;NA
126B25;NA;NA;NA;NA;NA;NA;0;0;0;0;25;Bestvi;NA;NA;NA;NA;NA;NA;2012;NA;NA;NA;NA;NA;NA
17P15;NA;NA;NA;NA;NA;NA;0;0;0;0;15;Praha;NA;NA;NA;NA;NA;NA;2012;NA;NA;NA;NA;NA;NA
18P15;NA;NA;NA;NA;NA;NA;0;0;0;0;15;Praha;NA;NA;NA;NA;NA;NA;2012;NA;NA;NA;NA;NA;NA
19P15;NA;NA;NA;NA;NA;NA;0;0;0;0;15;Praha;NA;NA;NA;NA;NA;NA;2012;NA;NA;NA;NA;NA;NA
44B15;NA;NA;NA;NA;NA;NA;0;0;0;0;15;Bestvi;NA;NA;NA;NA;NA;NA;2012;NA;NA;NA;NA;NA;NA
58B21;NA;NA;NA;NA;NA;NA;0;0;0;0;21;Bestvi;NA;NA;NA;NA;NA;NA;2012;NA;NA;NA;NA;NA;NA
BSW18008;NA;NA;NA;NA;NA;NA;0;0;0;0;18;Bestvi;NA;NA;NA;NA;NA;NA;2013;NA;NA;NA;NA;NA;NA
BSW18011;NA;NA;NA;NA;NA;NA;0;0;0;0;18;Bestvi;NA;NA;NA;NA;NA;NA;2013;NA;NA;NA;NA;NA;NA
BSW21003001;NA;NA;NA;NA;NA;NA;0;0;0;0;21;Bestvi;NA;NA;NA;NA;NA;NA;2013;NA;NA;NA;NA;NA;NA
BSW21005001;NA;NA;NA;NA;NA;NA;0;0;0;0;21;Bestvi;NA;NA;NA;NA;NA;NA;2013;NA;NA;NA;NA;NA;NA
BSW21016;NA;NA;NA;NA;NA;NA;0;0;0;0;21;Bestvi;NA;NA;NA;NA;NA;NA;2013;NA;NA;NA;NA;NA;NA
BSW21017;NA;NA;NA;NA;NA;NA;0;0;0;0;21;Bestvi;NA;NA;NA;NA;NA;NA;2013;NA;NA;NA;NA;NA;NA
DSW18009;NA;NA;NA;NA;NA;NA;0;0;0;0;18;Domazlice;NA;NA;NA;NA;NA;NA;2013;NA;NA;NA;NA;NA;NA
DSW18010;NA;NA;NA;NA;NA;NA;0;0;0;0;18;Domazlice;NA;NA;NA;NA;NA;NA;2013;NA;NA;NA;NA;NA;NA
DSW18021;NA;NA;NA;NA;NA;NA;0;0;0;0;18;Domazlice;NA;NA;NA;NA;NA;NA;2013;NA;NA;NA;NA;NA;NA
KSW1801001;NA;NA;NA;NA;NA;NA;0;0;0;0;18;Klatovy;NA;NA;NA;NA;NA;NA;2013;NA;NA;NA;NA;NA;NA
PSW18004;NA;NA;NA;NA;NA;NA;0;0;0;0;18;Praha;NA;NA;NA;NA;NA;NA;2013;NA;NA;NA;NA;NA;NA
PSW18009;NA;NA;NA;NA;NA;NA;0;0;0;0;18;Praha;NA;NA;NA;NA;NA;NA;2013;NA;NA;NA;NA;NA;NA
PSW18010;NA;NA;NA;NA;NA;NA;0;0;0;0;18;Praha;NA;NA;NA;NA;NA;NA;2013;NA;NA;NA;NA;NA;NA
PSW1803003;NA;NA;NA;NA;NA;NA;0;0;0;0;18;Praha;NA;NA;NA;NA;NA;NA;2013;NA;NA;NA;NA;NA;NA
PSW1803006;NA;NA;NA;NA;NA;NA;0;0;0;0;18;Praha;NA;NA;NA;NA;NA;NA;2013;NA;NA;NA;NA;NA;NA
PSW21012;NA;NA;NA;NA;NA;NA;0;0;0;0;21;Praha;NA;NA;NA;NA;NA;NA;2013;NA;NA;NA;NA;NA;NA
PSW21019;NA;NA;NA;NA;NA;NA;0;0;0;0;21;Praha;NA;NA;NA;NA;NA;NA;2013;NA;NA;NA;NA;NA;NA
BSW21002001;NA;NA;NA;NA;NA;504;1;1;1;0;21;Bestvi;NA;NA;NA;NA;NA;0.001984127;2013;NA;NA;NA;NA;NA;10584
10B15;NA;NA;NA;NA;NA;NA;0;0;0;0;15;Bestvi;NA;NA;NA;NA;NA;NA;2012;NA;NA;NA;NA;NA;NA
100P15;240;NA;NA;NA;NA;NA;0;0;0;0;15;Praha;0.004166667;NA;NA;NA;NA;NA;2012;3600;NA;NA;NA;NA;NA
PSW15013;233.0000007;NA;NA;NA;NA;NA;0;0;0;0;15;Praha;0.004291845;NA;NA;NA;NA;NA;2013;3495.000011;NA;NA;NA;NA;NA
PSW15011;230.5000007;NA;NA;NA;NA;NA;0;0;0;0;15;Praha;0.004338395;NA;NA;NA;NA;NA;2013;3457.500011;NA;NA;NA;NA;NA
BSW15003;205.5;NA;NA;NA;NA;NA;0;0;0;0;15;Bestvi;0.00486618;NA;NA;NA;NA;NA;2013;3082.5;NA;NA;NA;NA;NA
PSW15007;205.5;NA;NA;NA;NA;NA;0;0;0;0;15;Praha;0.00486618;NA;NA;NA;NA;NA;2013;3082.5;NA;NA;NA;NA;NA
68P15;192;NA;NA;NA;NA;NA;0;0;0;0;15;Praha;0.005208333;NA;NA;NA;NA;NA;2012;2880;NA;NA;NA;NA;NA
69P15;192;NA;NA;NA;NA;NA;0;0;0;0;15;Praha;0.005208333;NA;NA;NA;NA;NA;2012;2880;NA;NA;NA;NA;NA
BSW15002;181.8750007;NA;NA;NA;NA;NA;0;0;0;0;15;Bestvi;0.005498282;NA;NA;NA;NA;NA;2013;2728.125011;NA;NA;NA;NA;NA
BSW18018;181.8750007;NA;NA;NA;NA;NA;0;0;0;0;18;Bestvi;0.005498282;NA;NA;NA;NA;NA;2013;3273.750013;NA;NA;NA;NA;NA
BSW18018;181.8750007;NA;NA;NA;NA;NA;0;0;0;0;18;Bestvi;0.005498282;NA;NA;NA;NA;NA;2013;3273.750013;NA;NA;NA;NA;NA
PSW15002;180;NA;NA;NA;NA;NA;0;0;0;0;15;Praha;0.005555556;NA;NA;NA;NA;NA;2013;2700;NA;NA;NA;NA;NA
BSW15004;178.5000007;NA;NA;NA;NA;NA;0;0;0;0;15;Bestvi;0.005602241;NA;NA;NA;NA;NA;2013;2677.500011;NA;NA;NA;NA;NA
BSW15001;162.8750007;NA;NA;NA;NA;NA;0;0;0;0;15;Bestvi;0.006139678;NA;NA;NA;NA;NA;2013;2443.125011;NA;NA;NA;NA;NA
BSW18010;162.875;NA;NA;NA;NA;NA;0;0;0;0;18;Bestvi;0.006139678;NA;NA;NA;NA;NA;2013;2931.75;NA;NA;NA;NA;NA
BSW18033;160.5;NA;NA;NA;NA;NA;0;0;0;0;18;Bestvi;0.00623053;NA;NA;NA;NA;NA;2013;2889;NA;NA;NA;NA;NA
KSW18012;158.5;NA;NA;NA;NA;NA;0;0;0;0;18;Klatovy;0.006309148;NA;NA;NA;NA;NA;2013;2853;NA;NA;NA;NA;NA
PSW18016;158.25;NA;NA;NA;NA;NA;0;0;0;0;18;Praha;0.006319115;NA;NA;NA;NA;NA;2013;2848.5;NA;NA;NA;NA;NA
BSW15008;157;NA;NA;NA;NA;NA;0;0;0;0;15;Bestvi;0.006369427;NA;NA;NA;NA;NA;2013;2355;NA;NA;NA;NA;NA
BSW15010;157;NA;NA;NA;NA;NA;0;0;0;0;15;Bestvi;0.006369427;NA;NA;NA;NA;NA;2013;2355;NA;NA;NA;NA;NA
BSW15009;157;NA;NA;NA;NA;NA;0;0;0;1;15;Bestvi;0.006369427;NA;NA;NA;NA;NA;2013;2355;NA;NA;NA;NA;NA
PSW21025;156.75;NA;NA;NA;NA;NA;0;0;0;0;21;Praha;0.006379585;NA;NA;NA;NA;NA;2013;3291.75;NA;NA;NA;NA;NA
PSW21013;155.5;NA;NA;NA;NA;NA;0;0;0;0;21;Praha;0.006430868;NA;NA;NA;NA;NA;2013;3265.5;NA;NA;NA;NA;NA
KSW18006;155;NA;NA;NA;NA;NA;0;0;0;0;18;Klatovy;0.006451613;NA;NA;NA;NA;NA;2013;2790;NA;NA;NA;NA;NA
BSW18021;154.25;NA;NA;NA;NA;NA;0;0;0;0;18;Bestvi;0.006482982;NA;NA;NA;NA;NA;2013;2776.5;NA;NA;NA;NA;NA
BSW18022;154.25;NA;NA;NA;NA;NA;0;0;0;0;18;Bestvi;0.006482982;NA;NA;NA;NA;NA;2013;2776.5;NA;NA;NA;NA;NA
PSW18021;137.7500007;NA;NA;NA;NA;NA;0;0;0;0;18;Praha;0.007259528;NA;NA;NA;NA;NA;2013;2479.500013;NA;NA;NA;NA;NA
BSW18030;137.0000007;NA;NA;NA;NA;NA;0;0;0;0;18;Bestvi;0.00729927;NA;NA;NA;NA;NA;2013;2466.000013;NA;NA;NA;NA;NA
BSW18031;137.0000007;NA;NA;NA;NA;NA;0;0;0;0;18;Bestvi;0.00729927;NA;NA;NA;NA;NA;2013;2466.000013;NA;NA;NA;NA;NA
BSW18006;135.875;NA;NA;NA;NA;NA;0;0;0;0;18;Bestvi;0.007359706;NA;NA;NA;NA;NA;2013;2445.75;NA;NA;NA;NA;NA
BSW18036;134.5;NA;NA;NA;NA;NA;0;0;0;0;18;Bestvi;0.007434944;NA;NA;NA;NA;NA;2013;2421;NA;NA;NA;NA;NA
BSW18037;134.5;NA;NA;NA;NA;NA;0;0;0;0;18;Bestvi;0.007434944;NA;NA;NA;NA;NA;2013;2421;NA;NA;NA;NA;NA
KSW18010;134.5;NA;NA;NA;NA;NA;0;0;0;0;18;Klatovy;0.007434944;NA;NA;NA;NA;NA;2013;2421;NA;NA;NA;NA;NA
PSW18036;134.5;NA;NA;NA;NA;NA;0;0;0;0;18;Praha;0.007434944;NA;NA;NA;NA;NA;2013;2421;NA;NA;NA;NA;NA
PSW18037;134.5;NA;NA;NA;NA;NA;0;0;0;0;18;Praha;0.007434944;NA;NA;NA;NA;NA;2013;2421;NA;NA;NA;NA;NA
PSW18038;134.5;NA;NA;NA;NA;NA;0;0;0;0;18;Praha;0.007434944;NA;NA;NA;NA;NA;2013;2421;NA;NA;NA;NA;NA
BSW18038;133;NA;NA;NA;NA;NA;0;0;0;0;18;Bestvi;0.007518797;NA;NA;NA;NA;NA;2013;2394;NA;NA;NA;NA;NA
PSW18003;133;NA;NA;NA;NA;NA;0;0;0;0;18;Praha;0.007518797;NA;NA;NA;NA;NA;2013;2394;NA;NA;NA;NA;NA
BSW21001001;133;NA;NA;NA;NA;504;1;1;1;0;21;Bestvi;0.007518797;NA;NA;NA;NA;0.001984127;2013;2793;NA;NA;NA;NA;10584
PSW18032;132.5;NA;NA;NA;NA;NA;0;0;0;0;18;Praha;0.00754717;NA;NA;NA;NA;NA;2013;2385;NA;NA;NA;NA;NA
BSW21004002;132;NA;NA;NA;NA;NA;0;0;0;0;21;Bestvi;0.007575758;NA;NA;NA;NA;NA;2013;2772;NA;NA;NA;NA;NA
BSW21004003;132;NA;NA;NA;NA;NA;0;0;0;0;21;Bestvi;0.007575758;NA;NA;NA;NA;NA;2013;2772;NA;NA;NA;NA;NA
BSW21004004;132;NA;NA;NA;NA;NA;0;0;0;0;21;Bestvi;0.007575758;NA;NA;NA;NA;NA;2013;2772;NA;NA;NA;NA;NA
BSW21004005;132;NA;NA;NA;NA;NA;0;0;0;0;21;Bestvi;0.007575758;NA;NA;NA;NA;NA;2013;2772;NA;NA;NA;NA;NA
PSW18030;131.75;NA;NA;NA;NA;NA;0;0;0;0;18;Praha;0.007590133;NA;NA;NA;NA;NA;2013;2371.5;NA;NA;NA;NA;NA
PSW18006;131.5;NA;NA;NA;NA;NA;0;0;0;0;18;Praha;0.007604563;NA;NA;NA;NA;NA;2013;2367;NA;NA;NA;NA;NA
PSW18008;131.5;NA;NA;NA;NA;NA;0;0;0;0;18;Praha;0.007604563;NA;NA;NA;NA;NA;2013;2367;NA;NA;NA;NA;NA
PSW21014;131.5;NA;NA;NA;NA;NA;0;0;0;0;21;Praha;0.007604563;NA;NA;NA;NA;NA;2013;2761.5;NA;NA;NA;NA;NA
DSW18012;131.25;NA;NA;NA;NA;NA;0;0;0;0;18;Domazlice;0.007619048;NA;NA;NA;NA;NA;2013;2362.5;NA;NA;NA;NA;NA
PSW21029;113.75;NA;NA;NA;NA;NA;0;0;0;0;21;Praha;0.008791209;NA;NA;NA;NA;NA;2013;2388.75;NA;NA;NA;NA;NA
BSW21029;113;NA;NA;NA;NA;NA;0;0;0;0;21;Bestvi;0.008849558;NA;NA;NA;NA;NA;2013;2373;NA;NA;NA;NA;NA
BSW18029;112.5;NA;NA;NA;NA;NA;0;0;0;0;18;Bestvi;0.008888889;NA;NA;NA;NA;NA;2013;2025;NA;NA;NA;NA;NA
PSW21028;111.8750007;NA;NA;NA;NA;NA;0;0;0;0;21;Praha;0.008938547;NA;NA;NA;NA;NA;2013;2349.375015;NA;NA;NA;NA;NA
PSW21027;111.875;NA;NA;NA;NA;NA;0;0;0;0;21;Praha;0.008938547;NA;NA;NA;NA;NA;2013;2349.375;NA;NA;NA;NA;NA
PSW18018;111.25;NA;NA;NA;NA;NA;0;0;0;0;18;Praha;0.008988764;NA;NA;NA;NA;NA;2013;2002.5;NA;NA;NA;NA;NA
PSW21043;109.5000007;NA;NA;NA;NA;NA;0;0;0;0;21;Praha;0.00913242;NA;NA;NA;NA;NA;2013;2299.500015;NA;NA;NA;NA;NA
BSW18035;109;NA;NA;NA;NA;NA;0;0;0;0;18;Bestvi;0.009174312;NA;NA;NA;NA;NA;2013;1962;NA;NA;NA;NA;NA
DSW18027;109;NA;NA;NA;NA;NA;0;0;0;0;18;Domazlice;0.009174312;NA;NA;NA;NA;NA;2013;1962;NA;NA;NA;NA;NA
BSW2100?;109;NA;NA;NA;NA;NA;0;0;0;0;21;Bestvi;0.009174312;NA;NA;NA;NA;NA;2013;2289;NA;NA;NA;NA;NA
PSW21011;108;NA;NA;NA;NA;NA;0;0;0;0;21;Praha;0.009259259;NA;NA;NA;NA;NA;2013;2268;NA;NA;NA;NA;NA
PSW21016;107.0000007;NA;NA;NA;NA;NA;0;0;0;0;21;Praha;0.009345794;NA;NA;NA;NA;NA;2013;2247.000015;NA;NA;NA;NA;NA
BSW21012;107;NA;NA;NA;NA;NA;0;0;0;0;21;Bestvi;0.009345794;NA;NA;NA;NA;NA;2013;2247;NA;NA;NA;NA;NA
BSW21026;107;NA;NA;NA;NA;NA;0;0;0;0;21;Bestvi;0.009345794;NA;NA;NA;NA;NA;2013;2247;NA;NA;NA;NA;NA
BSW21028;107;NA;NA;NA;NA;NA;0;0;0;0;21;Bestvi;0.009345794;NA;NA;NA;NA;NA;2013;2247;NA;NA;NA;NA;NA
PSW21022;107;NA;NA;NA;NA;NA;0;0;0;0;21;Praha;0.009345794;NA;NA;NA;NA;NA;2013;2247;NA;NA;NA;NA;NA
BSW21018;106.5;NA;NA;NA;NA;NA;0;0;0;0;21;Bestvi;0.009389671;NA;NA;NA;NA;NA;2013;2236.5;NA;NA;NA;NA;NA
PSW21024;106.5;NA;NA;NA;NA;NA;0;0;0;0;21;Praha;0.009389671;NA;NA;NA;NA;NA;2013;2236.5;NA;NA;NA;NA;NA
PSW21059;106.5;NA;NA;NA;NA;NA;0;0;0;0;21;Praha;0.009389671;NA;NA;NA;NA;NA;2013;2236.5;NA;NA;NA;NA;NA
PSW21064;106.5;NA;NA;NA;NA;NA;0;0;0;0;21;Praha;0.009389671;NA;NA;NA;NA;NA;2013;2236.5;NA;NA;NA;NA;NA
DSW18003;106;NA;NA;NA;NA;NA;0;0;0;0;18;Domazlice;0.009433962;NA;NA;NA;NA;NA;2013;1908;NA;NA;NA;NA;NA
KSW18007;105.5;NA;NA;NA;NA;NA;0;0;0;0;18;Klatovy;0.009478673;NA;NA;NA;NA;NA;2013;1899;NA;NA;NA;NA;NA
PSW21038;105.5;NA;NA;NA;NA;NA;0;0;0;0;21;Praha;0.009478673;NA;NA;NA;NA;NA;2013;2215.5;NA;NA;NA;NA;NA
133B15;96;NA;NA;NA;NA;NA;0;0;0;0;15;Bestvi;0.010416667;NA;NA;NA;NA;NA;2012;1440;NA;NA;NA;NA;NA
134B15;96;NA;NA;NA;NA;NA;0;0;0;0;15;Bestvi;0.010416667;NA;NA;NA;NA;NA;2012;1440;NA;NA;NA;NA;NA
135R15;96;NA;NA;NA;NA;NA;0;0;0;0;15;Praha;0.010416667;NA;NA;NA;NA;NA;2012;1440;NA;NA;NA;NA;NA
BSW21030;88.5;NA;NA;NA;NA;NA;0;0;0;0;21;Bestvi;0.011299435;NA;NA;NA;NA;NA;2013;1858.5;NA;NA;NA;NA;NA
BSW21031;88.5;NA;NA;NA;NA;NA;0;0;0;0;21;Bestvi;0.011299435;NA;NA;NA;NA;NA;2013;1858.5;NA;NA;NA;NA;NA
PSW21044;88;NA;NA;NA;NA;NA;0;0;0;0;21;Praha;0.011363636;NA;NA;NA;NA;NA;2013;1848;NA;NA;NA;NA;NA
BSW21022;85.5;NA;NA;NA;NA;NA;0;0;0;0;21;Bestvi;0.011695906;NA;NA;NA;NA;NA;2013;1795.5;NA;NA;NA;NA;NA
BSW21013;83.25;NA;NA;NA;NA;NA;0;0;0;0;21;Bestvi;0.012012012;NA;NA;NA;NA;NA;2013;1748.25;NA;NA;NA;NA;NA
BSW21015;83.25;NA;NA;NA;NA;NA;0;0;0;0;21;Bestvi;0.012012012;NA;NA;NA;NA;NA;2013;1748.25;NA;NA;NA;NA;NA
PSW21023;83.25;NA;NA;NA;NA;NA;0;0;0;0;21;Praha;0.012012012;NA;NA;NA;NA;NA;2013;1748.25;NA;NA;NA;NA;NA
BSW21009;82.5;NA;NA;NA;NA;NA;0;0;0;0;21;Bestvi;0.012121212;NA;NA;NA;NA;NA;2013;1732.5;NA;NA;NA;NA;NA
BSW21010;82.5;NA;NA;NA;NA;NA;0;0;0;0;21;Bestvi;0.012121212;NA;NA;NA;NA;NA;2013;1732.5;NA;NA;NA;NA;NA
BSW21019;80;NA;NA;NA;NA;NA;0;0;0;0;21;Bestvi;0.0125;NA;NA;NA;NA;NA;2013;1680;NA;NA;NA;NA;NA
BSW21020;80;NA;NA;NA;NA;NA;0;0;0;0;21;Bestvi;0.0125;NA;NA;NA;NA;NA;2013;1680;NA;NA;NA;NA;NA
128P21;72;NA;NA;NA;NA;NA;0;0;0;0;21;Praha;0.013888889;NA;NA;NA;NA;NA;2012;1512;NA;NA;NA;NA;NA
129P21;72;NA;NA;NA;NA;NA;0;0;0;0;21;Praha;0.013888889;NA;NA;NA;NA;NA;2012;1512;NA;NA;NA;NA;NA
102B25;72;NA;NA;NA;NA;NA;0;0;0;0;25;Bestvi;0.013888889;NA;NA;NA;NA;NA;2012;1800;NA;NA;NA;NA;NA
103B25;72;NA;NA;NA;NA;NA;0;0;0;0;25;Bestvi;0.013888889;NA;NA;NA;NA;NA;2012;1800;NA;NA;NA;NA;NA
104B25;72;NA;NA;NA;NA;NA;0;0;0;0;25;Bestvi;0.013888889;NA;NA;NA;NA;NA;2012;1800;NA;NA;NA;NA;NA
105B25;72;NA;NA;NA;NA;NA;0;0;0;0;25;Bestvi;0.013888889;NA;NA;NA;NA;NA;2012;1800;NA;NA;NA;NA;NA
106B25;72;NA;NA;NA;NA;NA;0;0;0;0;25;Bestvi;0.013888889;NA;NA;NA;NA;NA;2012;1800;NA;NA;NA;NA;NA
107B25;72;NA;NA;NA;NA;NA;0;0;0;0;25;Bestvi;0.013888889;NA;NA;NA;NA;NA;2012;1800;NA;NA;NA;NA;NA
108B25;72;NA;NA;NA;NA;NA;0;0;0;0;25;Bestvi;0.013888889;NA;NA;NA;NA;NA;2012;1800;NA;NA;NA;NA;NA
109B25;72;NA;NA;NA;NA;NA;0;0;0;0;25;Bestvi;0.013888889;NA;NA;NA;NA;NA;2012;1800;NA;NA;NA;NA;NA
110B25;72;NA;NA;NA;NA;NA;0;0;0;0;25;Bestvi;0.013888889;NA;NA;NA;NA;NA;2012;1800;NA;NA;NA;NA;NA
111B25;72;NA;NA;NA;NA;NA;0;0;0;0;25;Bestvi;0.013888889;NA;NA;NA;NA;NA;2012;1800;NA;NA;NA;NA;NA
112B25;72;NA;NA;NA;NA;NA;0;0;0;0;25;Bestvi;0.013888889;NA;NA;NA;NA;NA;2012;1800;NA;NA;NA;NA;NA
113B25;72;NA;NA;NA;NA;NA;0;0;0;0;25;Bestvi;0.013888889;NA;NA;NA;NA;NA;2012;1800;NA;NA;NA;NA;NA
114B25;72;NA;NA;NA;NA;NA;0;0;0;0;25;Bestvi;0.013888889;NA;NA;NA;NA;NA;2012;1800;NA;NA;NA;NA;NA
130P21;72;NA;NA;NA;NA;NA;0;0;0;0;21;Praha;0.013888889;NA;NA;NA;NA;NA;2012;1512;NA;NA;NA;NA;NA
43B15;NA;NA;NA;NA;NA;NA;0;1;0;1;15;Bestvi;NA;NA;NA;NA;NA;NA;2012;NA;NA;NA;NA;NA;NA
16P15;NA;NA;NA;NA;NA;NA;0;1;0;1;15;Praha;NA;NA;NA;NA;NA;NA;2012;NA;NA;NA;NA;NA;NA
83B21;72;NA;NA;264;144;NA;1;1;1;1;21;Bestvi;0.013888889;NA;NA;0.003787879;0.006944444;NA;2012;1512;NA;NA;5544;3024;NA
84B21;72;NA;NA;264;144;NA;1;1;1;1;21;Bestvi;0.013888889;NA;NA;0.003787879;0.006944444;NA;2012;1512;NA;NA;5544;3024;NA
131P21;72;NA;NA;240;NA;NA;0;1;1;1;21;Praha;0.013888889;NA;NA;0.004166667;NA;NA;2012;1512;NA;NA;5040;NA;NA
86P15;144;96;NA;NA;NA;NA;0;1;0;1;15;Praha;0.006944444;0.010416667;NA;NA;NA;NA;2012;2160;1440;NA;NA;NA;NA
87P15;144;96;NA;NA;NA;NA;0;1;0;1;15;Praha;0.006944444;0.010416667;NA;NA;NA;NA;2012;2160;1440;NA;NA;NA;NA
88P15;144;96;NA;NA;NA;NA;0;1;0;1;15;Praha;0.006944444;0.010416667;NA;NA;NA;NA;2012;2160;1440;NA;NA;NA;NA
89P15;144;96;NA;NA;NA;NA;0;1;0;1;15;Praha;0.006944444;0.010416667;NA;NA;NA;NA;2012;2160;1440;NA;NA;NA;NA
90P15;144;96;NA;NA;NA;NA;0;1;0;1;15;Praha;0.006944444;0.010416667;NA;NA;NA;NA;2012;2160;1440;NA;NA;NA;NA
91P15;144;96;NA;NA;NA;NA;0;1;0;1;15;Praha;0.006944444;0.010416667;NA;NA;NA;NA;2012;2160;1440;NA;NA;NA;NA
127P21;72;96;24;NA;NA;NA;0;1;0;1;21;Praha;0.013888889;0.010416667;0.041666667;NA;NA;NA;2012;1512;2016;504;NA;NA;NA
BSW21024;107;49;44;NA;NA;NA;0;1;0;1;21;Bestvi;0.009345794;0.020408163;0.022727273;NA;NA;NA;2013;2247;1029;924;NA;NA;NA
PSW21005;132;47.5;46.5;NA;NA;NA;0;1;0;1;21;Praha;0.007575758;0.021052632;0.021505376;NA;NA;NA;2013;2772;997.5;976.5;NA;NA;NA
BSW21014;NA;101;46.5;NA;NA;NA;0;1;0;1;21;Bestvi;NA;0.00990099;0.021505376;NA;NA;NA;2013;NA;2121;976.5;NA;NA;NA
DSW18002;NA;72;47.5;365.5;NA;NA;0;1;1;1;18;Domazlice;NA;0.013888889;0.021052632;0.002735978;NA;NA;2013;NA;1296;855;6579;NA;NA
DSW18001;NA;74;47.5;269.5;188;NA;1;1;1;1;18;Domazlice;NA;0.013513514;0.021052632;0.003710575;0.005319149;NA;2013;NA;1332;855;4851;3384;NA
DSW18001;NA;74;47.5;269.5;188;NA;1;1;1;1;18;Domazlice;NA;0.013513514;0.021052632;0.003710575;0.005319149;NA;2013;NA;1332;855;4851;3384;NA
PSW1803002;NA;NA;47.5;NA;NA;NA;0;1;0;1;18;Praha;NA;NA;0.021052632;NA;NA;NA;2013;NA;NA;855;NA;NA;NA
DSW18004;NA;120;47.75;NA;NA;NA;0;1;0;1;18;Domazlice;NA;0.008333333;0.020942408;NA;NA;NA;2013;NA;2160;859.5;NA;NA;NA
PSW21040;109.5;49;48;NA;NA;NA;0;1;0;1;21;Praha;0.00913242;0.020408163;0.020833333;NA;NA;NA;2013;2299.5;1029;1008;NA;NA;NA
PSW21050;113.0000007;72;48;NA;NA;648;1;1;1;1;21;Praha;0.008849557;0.013888889;0.020833333;NA;NA;0.00154321;2013;2373.000015;1512;1008;NA;NA;13608
PSW2504002;NA;NA;48;NA;NA;NA;0;1;0;1;25;Praha;NA;NA;0.020833333;NA;NA;NA;2013;NA;NA;1200;NA;NA;NA
BSW21004;NA;25;49;NA;NA;NA;0;1;0;1;21;Bestvi;NA;0.04;0.020408163;NA;NA;NA;2013;NA;525;1029;NA;NA;NA
BSW21003;NA;48;49;NA;NA;NA;0;1;0;1;21;Bestvi;NA;0.020833333;0.020408163;NA;NA;NA;2013;NA;1008;1029;NA;NA;NA
BSW21005;NA;48;49;NA;NA;NA;0;1;0;1;21;Bestvi;NA;0.020833333;0.020408163;NA;NA;NA;2013;NA;1008;1029;NA;NA;NA
KSW1801003;NA;48;49;NA;NA;NA;0;1;0;1;18;Klatovy;NA;0.020833333;0.020408163;NA;NA;NA;2013;NA;864;882;NA;NA;NA
PSW18023;181.8750007;76;49;NA;NA;NA;0;1;0;1;18;Praha;0.005498282;0.013157895;0.020408163;NA;NA;NA;2013;3273.750013;1368;882;NA;NA;NA
PSW18028;154.25;76;49;NA;NA;NA;0;1;0;1;18;Praha;0.006482982;0.013157895;0.020408163;NA;NA;NA;2013;2776.5;1368;882;NA;NA;NA
BSW21005002;83.5;71.25;50.25;293;NA;NA;0;1;1;1;21;Bestvi;0.011976048;0.014035088;0.019900498;0.003412969;NA;NA;2013;1753.5;1496.25;1055.25;6153;NA;NA
DSW18019;137.7500007;68;51;NA;NA;NA;0;1;0;1;18;Domazlice;0.007259528;0.014705882;0.019607843;NA;NA;NA;2013;2479.500013;1224;918;NA;NA;NA
PSW21033;111.25;68;51;NA;NA;NA;0;1;0;1;21;Praha;0.008988764;0.014705882;0.019607843;NA;NA;NA;2013;2336.25;1428;1071;NA;NA;NA
PSW21058;112.5;20;52;NA;NA;NA;0;1;0;1;21;Praha;0.008888889;0.05;0.019230769;NA;NA;NA;2013;2362.5;420;1092;NA;NA;NA
PSW21053;113.0000007;44;52;NA;NA;NA;0;1;0;1;21;Praha;0.008849557;0.022727273;0.019230769;NA;NA;NA;2013;2373.000015;924;1092;NA;NA;NA
PSW18012;155;74;52.5;NA;NA;NA;0;1;0;1;18;Praha;0.006451613;0.013513514;0.019047619;NA;NA;NA;2013;2790;1332;945;NA;NA;NA
PSW18014;131.25;74;52.5;NA;NA;NA;0;1;0;1;18;Praha;0.007619048;0.013513514;0.019047619;NA;NA;NA;2013;2362.5;1332;945;NA;NA;NA
PSW18015;131.25;74;52.5;NA;NA;NA;0;1;0;1;18;Praha;0.007619048;0.013513514;0.019047619;NA;NA;NA;2013;2362.5;1332;945;NA;NA;NA
KSW18003;131.5000007;122;52.5;NA;NA;NA;0;1;0;1;18;Klatovy;0.007604563;0.008196721;0.019047619;NA;NA;NA;2013;2367.000013;2196;945;NA;NA;NA
BSW21008;107.0000007;72.5;53;NA;NA;NA;0;1;0;1;21;Bestvi;0.009345794;0.013793103;0.018867925;NA;NA;NA;2013;2247.000015;1522.5;1113;NA;NA;NA
PSW21060;106.5;166.5;53.5;NA;NA;NA;0;1;0;1;21;Praha;0.009389671;0.006006006;0.018691589;NA;NA;NA;2013;2236.5;3496.5;1123.5;NA;NA;NA
PSW21037;105.5;51;69;NA;NA;NA;0;1;0;1;21;Praha;0.009478673;0.019607843;0.014492754;NA;NA;NA;2013;2215.5;1071;1449;NA;NA;NA
PSW21052;113.0000007;72;69;NA;NA;NA;0;1;0;1;21;Praha;0.008849557;0.013888889;0.014492754;NA;NA;NA;2013;2373.000015;1512;1449;NA;NA;NA
PSW21054;113.0000007;72;69;NA;NA;NA;0;1;0;1;21;Praha;0.008849557;0.013888889;0.014492754;NA;NA;NA;2013;2373.000015;1512;1449;NA;NA;NA
PSW21056;113.0000007;72;69;NA;NA;672;1;1;1;1;21;Praha;0.008849557;0.013888889;0.014492754;NA;NA;0.001488095;2013;2373.000015;1512;1449;NA;NA;14112
KSW1801002;NA;97;70.5;NA;NA;NA;0;1;0;1;18;Klatovy;NA;0.010309278;0.014184397;NA;NA;NA;2013;NA;1746;1269;NA;NA;NA
PSW21006;132;23;71;NA;NA;NA;0;1;0;1;21;Praha;0.007575758;0.043478261;0.014084507;NA;NA;NA;2013;2772;483;1491;NA;NA;NA
PSW1803005;179;24.5;71;NA;NA;NA;0;1;0;1;18;Praha;0.005586592;0.040816327;0.014084507;NA;NA;NA;2013;3222;441;1278;NA;NA;NA
DSW18005;155;24.5;71;NA;NA;NA;0;1;0;1;18;Domazlice;0.006451613;0.040816327;0.014084507;NA;NA;NA;2013;2790;441;1278;NA;NA;NA
PSW21066;109;48;71;NA;NA;NA;0;1;0;1;21;Praha;0.009174312;0.020833333;0.014084507;NA;NA;NA;2013;2289;1008;1491;NA;NA;NA
PSW21067;109;48;71;NA;NA;NA;0;1;0;1;21;Praha;0.009174312;0.020833333;0.014084507;NA;NA;NA;2013;2289;1008;1491;NA;NA;NA
PSW18002;NA;72;71;NA;NA;NA;0;1;0;1;18;Praha;NA;0.013888889;0.014084507;NA;NA;NA;2013;NA;1296;1278;NA;NA;NA
PSW18034;132.5;76;71;NA;NA;NA;0;1;0;1;18;Praha;0.00754717;0.013157895;0.014084507;NA;NA;NA;2013;2385;1368;1278;NA;NA;NA
PSW21061;106.5;76;71;NA;NA;624;1;1;1;1;21;Praha;0.009389671;0.013157895;0.014084507;NA;NA;0.001602564;2013;2236.5;1596;1491;NA;NA;13104
PSW21045;88.5;120;71;NA;NA;NA;0;1;0;1;21;Praha;0.011299435;0.008333333;0.014084507;NA;NA;NA;2013;1858.5;2520;1491;NA;NA;NA
BSW21006;NA;NA;71;NA;NA;NA;0;1;0;1;21;Bestvi;NA;NA;0.014084507;NA;NA;NA;2013;NA;NA;1491;NA;NA;NA
PSW21007;NA;23;71.25;NA;NA;NA;0;1;0;1;21;Praha;NA;0.043478261;0.014035088;NA;NA;NA;2013;NA;483;1496.25;NA;NA;NA
PSW21041;109.5000007;49;72;NA;NA;NA;0;1;0;1;21;Praha;0.00913242;0.020408163;0.013888889;NA;NA;NA;2013;2299.500015;1029;1512;NA;NA;NA
PSW21042;109.5000007;49;72;NA;NA;NA;0;1;0;1;21;Praha;0.00913242;0.020408163;0.013888889;NA;NA;NA;2013;2299.500015;1029;1512;NA;NA;NA
BSW21025;107;49;72;NA;NA;NA;0;1;0;1;21;Bestvi;0.009345794;0.020408163;0.013888889;NA;NA;NA;2013;2247;1029;1512;NA;NA;NA
BSW21023;107;49;72;NA;NA;672;1;1;1;1;21;Bestvi;0.009345794;0.020408163;0.013888889;NA;NA;0.001488095;2013;2247;1029;1512;NA;NA;14112
51B21;48;72;72;NA;NA;NA;0;1;0;1;21;Bestvi;0.020833333;0.013888889;0.013888889;NA;NA;NA;2012;1008;1512;1512;NA;NA;NA
52B21;48;72;72;NA;NA;NA;0;1;0;1;21;Bestvi;0.020833333;0.013888889;0.013888889;NA;NA;NA;2012;1008;1512;1512;NA;NA;NA
53B21;48;72;72;NA;NA;NA;0;1;0;1;21;Bestvi;0.020833333;0.013888889;0.013888889;NA;NA;NA;2012;1008;1512;1512;NA;NA;NA
54B21;48;72;72;NA;NA;NA;0;1;0;1;21;Bestvi;0.020833333;0.013888889;0.013888889;NA;NA;NA;2012;1008;1512;1512;NA;NA;NA
55B21;48;72;72;NA;NA;NA;0;1;0;1;21;Bestvi;0.020833333;0.013888889;0.013888889;NA;NA;NA;2012;1008;1512;1512;NA;NA;NA
56B21;48;72;72;NA;NA;NA;0;1;0;1;21;Bestvi;0.020833333;0.013888889;0.013888889;NA;NA;NA;2012;1008;1512;1512;NA;NA;NA
20B15;72;72;72;504;288;1008;1;1;1;1;15;Bestvi;0.013888889;0.013888889;0.013888889;0.001984127;0.003472222;0.000992063;2012;1080;1080;1080;7560;4320;15120
21B15;72;72;72;504;NA;NA;0;1;1;1;15;Bestvi;0.013888889;0.013888889;0.013888889;0.001984127;NA;NA;2012;1080;1080;1080;7560;NA;NA
92P15;144;96;72;NA;NA;NA;0;1;0;1;15;Praha;0.006944444;0.010416667;0.013888889;NA;NA;NA;2012;2160;1440;1080;NA;NA;NA
BSW21021;80;100;72;NA;NA;NA;0;1;0;1;21;Bestvi;0.0125;0.01;0.013888889;NA;NA;NA;2013;1680;2100;1512;NA;NA;NA
11P15;96;144;72;NA;NA;NA;0;1;0;1;15;Praha;0.010416667;0.006944444;0.013888889;NA;NA;NA;2012;1440;2160;1080;NA;NA;NA
1B15;72;144;72;408;384;1080;1;1;1;1;15;Bestvi;0.013888889;0.006944444;0.013888889;0.00245098;0.002604167;0.000925926;2012;1080;2160;1080;6120;5760;16200
2B15;72;144;72;408;384;1080;1;1;1;1;15;Bestvi;0.013888889;0.006944444;0.013888889;0.00245098;0.002604167;0.000925926;2012;1080;2160;1080;6120;5760;16200
57B21;NA;NA;72;NA;NA;NA;0;1;0;1;21;Bestvi;NA;NA;0.013888889;NA;NA;NA;2012;NA;NA;1512;NA;NA;NA
66P15;48;NA;72;NA;NA;NA;0;1;0;1;15;Praha;0.020833333;NA;0.013888889;NA;NA;NA;2012;720;NA;1080;NA;NA;NA
67P15;48;NA;72;NA;NA;NA;0;1;0;1;15;Praha;0.020833333;NA;0.013888889;NA;NA;NA;2012;720;NA;1080;NA;NA;NA
BSW18025;155;27;73;NA;NA;NA;0;1;0;1;18;Bestvi;0.006451613;0.037037037;0.01369863;NA;NA;NA;2013;2790;486;1314;NA;NA;NA
PSW21036;105.5;27;73;NA;NA;672;1;1;1;1;21;Praha;0.009478673;0.037037037;0.01369863;NA;NA;0.001488095;2013;2215.5;567;1533;NA;NA;14112
PSW18025;180.7500007;52;73;NA;NA;NA;0;1;0;1;18;Praha;0.005532503;0.019230769;0.01369863;NA;NA;NA;2013;3253.500013;936;1314;NA;NA;NA
BSW18020;154.25;52;73;NA;NA;NA;0;1;0;1;18;Bestvi;0.006482982;0.019230769;0.01369863;NA;NA;NA;2013;2776.5;936;1314;NA;NA;NA
BSW18023;154.25;52;73;NA;NA;NA;0;1;0;1;18;Bestvi;0.006482982;0.019230769;0.01369863;NA;NA;NA;2013;2776.5;936;1314;NA;NA;NA
KSW18005;154.25;52;73;NA;NA;NA;0;1;0;1;18;Klatovy;0.006482982;0.019230769;0.01369863;NA;NA;NA;2013;2776.5;936;1314;NA;NA;NA
PSW18027;154.25;52;73;NA;NA;NA;0;1;0;1;18;Praha;0.006482982;0.019230769;0.01369863;NA;NA;NA;2013;2776.5;936;1314;NA;NA;NA
PSW18029;154.25;52;73;NA;NA;NA;0;1;0;1;18;Praha;0.006482982;0.019230769;0.01369863;NA;NA;NA;2013;2776.5;936;1314;NA;NA;NA
KSW18013;158.5;95;73;NA;NA;NA;0;1;0;1;18;Klatovy;0.006309148;0.010526316;0.01369863;NA;NA;NA;2013;2853;1710;1314;NA;NA;NA
BSW18016;137.7500007;95;73;NA;NA;NA;0;1;0;1;18;Bestvi;0.007259528;0.010526316;0.01369863;NA;NA;NA;2013;2479.500013;1710;1314;NA;NA;NA
PSW18019;137.7500007;95;73;NA;NA;816;1;1;1;1;18;Praha;0.007259528;0.010526316;0.01369863;NA;NA;0.00122549;2013;2479.500013;1710;1314;NA;NA;14688
PSW18033;132.5;147;73;NA;NA;NA;0;1;0;1;18;Praha;0.00754717;0.006802721;0.01369863;NA;NA;NA;2013;2385;2646;1314;NA;NA;NA
KSW1801004;NA;71;73.5;NA;NA;NA;0;1;0;1;18;Klatovy;NA;0.014084507;0.013605442;NA;NA;NA;2013;NA;1278;1323;NA;NA;NA
PSW21020;107;48;74;NA;NA;NA;0;1;0;1;21;Praha;0.009345794;0.020833333;0.013513514;NA;NA;NA;2013;2247;1008;1554;NA;NA;NA
PSW18007;NA;72.5;74;NA;NA;NA;0;1;0;1;18;Praha;NA;0.013793103;0.013513514;NA;NA;NA;2013;NA;1305;1332;NA;NA;NA
PSW21055;113.0000007;44;76;NA;NA;NA;0;1;0;1;21;Praha;0.008849557;0.022727273;0.013157895;NA;NA;NA;2013;2373.000015;924;1596;NA;NA;NA
BSW18014;137.7500007;68;76;NA;NA;NA;0;1;0;1;18;Bestvi;0.007259528;0.014705882;0.013157895;NA;NA;NA;2013;2479.500013;1224;1368;NA;NA;NA
BSW18015;137.7500007;68;76;NA;NA;NA;0;1;0;1;18;Bestvi;0.007259528;0.014705882;0.013157895;NA;NA;NA;2013;2479.500013;1224;1368;NA;NA;NA
BSW18017;137.7500007;68;76;NA;NA;NA;0;1;0;1;18;Bestvi;0.007259528;0.014705882;0.013157895;NA;NA;NA;2013;2479.500013;1224;1368;NA;NA;NA
PSW18022;137.7500007;68;76;NA;NA;NA;0;1;0;1;18;Praha;0.007259528;0.014705882;0.013157895;NA;NA;NA;2013;2479.500013;1224;1368;NA;NA;NA
PSW21034;137.7500007;68;76;NA;NA;NA;0;1;0;1;21;Praha;0.007259528;0.014705882;0.013157895;NA;NA;NA;2013;2892.750015;1428;1596;NA;NA;NA
PSW21030;87;68;76;NA;NA;NA;0;1;0;1;21;Praha;0.011494253;0.014705882;0.013157895;NA;NA;NA;2013;1827;1428;1596;NA;NA;NA
PSW21032;87;68;76;NA;NA;NA;0;1;0;1;21;Praha;0.011494253;0.014705882;0.013157895;NA;NA;NA;2013;1827;1428;1596;NA;NA;NA
BSW18009;113.7500007;92;76;NA;NA;NA;0;1;0;1;18;Bestvi;0.008791209;0.010869565;0.013157895;NA;NA;NA;2013;2047.500013;1656;1368;NA;NA;NA
BSW18004;NA;98.75;76.5;NA;NA;NA;0;1;0;1;18;Bestvi;NA;0.010126582;0.013071895;NA;NA;NA;2013;NA;1777.5;1377;NA;NA;NA
BSW18003;106.5;98.75;76.5;NA;NA;NA;0;1;0;1;18;Bestvi;0.009389671;0.010126582;0.013071895;NA;NA;NA;2013;1917;1777.5;1377;NA;NA;NA
PSW18011;106.5;98.75;76.5;NA;NA;NA;0;1;0;1;18;Praha;0.009389671;0.010126582;0.013071895;NA;NA;NA;2013;1917;1777.5;1377;NA;NA;NA
PSW18035;134.5;48;90.5;NA;NA;NA;0;1;0;1;18;Praha;0.007434944;0.020833333;0.011049724;NA;NA;NA;2013;2421;864;1629;NA;NA;NA
BSW18032;132.5;76;90.5;NA;NA;NA;0;1;0;1;18;Bestvi;0.00754717;0.013157895;0.011049724;NA;NA;NA;2013;2385;1368;1629;NA;NA;NA
PSW21063;106.5;76;90.5;NA;NA;NA;0;1;0;1;21;Praha;0.009389671;0.013157895;0.011049724;NA;NA;NA;2013;2236.5;1596;1900.5;NA;NA;NA
PSW21065;106.5;76;90.5;NA;NA;696;1;1;1;1;21;Praha;0.009389671;0.013157895;0.011049724;NA;NA;0.001436782;2013;2236.5;1596;1900.5;NA;NA;14616
BSW18007;113.75;119;93;NA;NA;NA;0;1;0;1;18;Bestvi;0.008791209;0.008403361;0.010752688;NA;NA;NA;2013;2047.5;2142;1674;NA;NA;NA
DSW18006;155;24.5;94.25;NA;NA;NA;0;1;0;1;18;Domazlice;0.006451613;0.040816327;0.01061008;NA;NA;NA;2013;2790;441;1696.5;NA;NA;NA
KSW18002;155;24.5;94.25;NA;NA;NA;0;1;0;1;18;Klatovy;0.006451613;0.040816327;0.01061008;NA;NA;NA;2013;2790;441;1696.5;NA;NA;NA
DSW18026;112.5;72;95;NA;NA;NA;0;1;0;1;18;Domazlice;0.008888889;0.013888889;0.010526316;NA;NA;NA;2013;2025;1296;1710;NA;NA;NA
PSW21047;88.5;96;95;NA;NA;NA;0;1;0;1;21;Praha;0.011299435;0.010416667;0.010526316;NA;NA;NA;2013;1858.5;2016;1995;NA;NA;NA
PSW21046;88.5;96;95;NA;NA;720;1;1;1;1;21;Praha;0.011299435;0.010416667;0.010526316;NA;NA;0.001388889;2013;1858.5;2016;1995;NA;NA;15120
PSW18013;131.25;74;95.5;NA;NA;NA;0;1;0;1;18;Praha;0.007619048;0.013513514;0.010471204;NA;NA;NA;2013;2362.5;1332;1719;NA;NA;NA
PSW1803004;NA;NA;95.5;NA;NA;NA;0;1;0;1;18;Praha;NA;NA;0.010471204;NA;NA;NA;2013;NA;NA;1719;NA;NA;NA
KSW18001;NA;47.5;96;NA;NA;NA;0;1;0;1;18;Klatovy;NA;0.021052632;0.010416667;NA;NA;NA;2013;NA;855;1728;NA;NA;NA
KSW18008;158.75;49;96;NA;NA;NA;0;1;0;1;18;Klatovy;0.006299213;0.020408163;0.010416667;NA;NA;NA;2013;2857.5;882;1728;NA;NA;NA
BSW21027;107;49;96;NA;NA;NA;0;1;0;1;21;Bestvi;0.009345794;0.020408163;0.010416667;NA;NA;NA;2013;2247;1029;2016;NA;NA;NA
73B21;72;72;96;240;NA;NA;0;1;1;1;21;Bestvi;0.013888889;0.013888889;0.010416667;0.004166667;NA;NA;2012;1512;1512;2016;5040;NA;NA
74B21;72;72;96;240;NA;NA;0;1;1;1;21;Bestvi;0.013888889;0.013888889;0.010416667;0.004166667;NA;NA;2012;1512;1512;2016;5040;NA;NA
75B21;72;72;96;240;NA;NA;0;1;1;1;21;Bestvi;0.013888889;0.013888889;0.010416667;0.004166667;NA;NA;2012;1512;1512;2016;5040;NA;NA
76B21;72;72;96;240;NA;NA;0;1;1;1;21;Bestvi;0.013888889;0.013888889;0.010416667;0.004166667;NA;NA;2012;1512;1512;2016;5040;NA;NA
71B21;72;72;96;168;240;648;1;1;1;1;21;Bestvi;0.013888889;0.013888889;0.010416667;0.005952381;0.004166667;0.00154321;2012;1512;1512;2016;3528;5040;13608
72B21;72;72;96;168;312;720;1;1;1;1;21;Bestvi;0.013888889;0.013888889;0.010416667;0.005952381;0.003205128;0.001388889;2012;1512;1512;2016;3528;6552;15120
93P15;144;96;96;NA;NA;NA;0;1;0;1;15;Praha;0.006944444;0.010416667;0.010416667;NA;NA;NA;2012;2160;1440;1440;NA;NA;NA
PSW15004;181.8750007;125;96;NA;NA;NA;0;1;0;1;15;Praha;0.005498282;0.008;0.010416667;NA;NA;NA;2013;2728.125011;1875;1440;NA;NA;NA
5B15;96;192;96;NA;NA;NA;0;1;0;1;15;Bestvi;0.010416667;0.005208333;0.010416667;NA;NA;NA;2012;1440;2880;1440;NA;NA;NA
6B15;96;192;96;NA;NA;NA;0;1;0;1;15;Bestvi;0.010416667;0.005208333;0.010416667;NA;NA;NA;2012;1440;2880;1440;NA;NA;NA
7B15;96;192;96;NA;NA;NA;0;1;0;1;15;Bestvi;0.010416667;0.005208333;0.010416667;NA;NA;NA;2012;1440;2880;1440;NA;NA;NA
8B15;96;192;96;NA;NA;NA;0;1;0;1;15;Bestvi;0.010416667;0.005208333;0.010416667;NA;NA;NA;2012;1440;2880;1440;NA;NA;NA
9B15;96;192;96;NA;NA;NA;0;1;0;1;15;Bestvi;0.010416667;0.005208333;0.010416667;NA;NA;NA;2012;1440;2880;1440;NA;NA;NA
3B15;72;216;96;408;288;1080;1;1;1;1;15;Bestvi;0.013888889;0.00462963;0.010416667;0.00245098;0.003472222;0.000925926;2012;1080;3240;1440;6120;4320;16200
4B15;72;216;96;408;NA;NA;0;1;1;1;15;Bestvi;0.013888889;0.00462963;0.010416667;0.00245098;NA;NA;2012;1080;3240;1440;6120;NA;NA
115B25;NA;NA;96;NA;NA;NA;0;1;0;1;25;Bestvi;NA;NA;0.010416667;NA;NA;NA;2012;NA;NA;2400;NA;NA;NA
116B25;NA;NA;96;NA;NA;NA;0;1;0;1;25;Bestvi;NA;NA;0.010416667;NA;NA;NA;2012;NA;NA;2400;NA;NA;NA
117B25;NA;NA;96;NA;NA;NA;0;1;0;1;25;Bestvi;NA;NA;0.010416667;NA;NA;NA;2012;NA;NA;2400;NA;NA;NA
118B25;NA;NA;96;NA;NA;NA;0;1;0;1;25;Bestvi;NA;NA;0.010416667;NA;NA;NA;2012;NA;NA;2400;NA;NA;NA
119B25;NA;NA;96;NA;NA;NA;0;1;0;1;25;Bestvi;NA;NA;0.010416667;NA;NA;NA;2012;NA;NA;2400;NA;NA;NA
120B25;NA;NA;96;NA;NA;NA;0;1;0;1;25;Bestvi;NA;NA;0.010416667;NA;NA;NA;2012;NA;NA;2400;NA;NA;NA
121B25;NA;NA;96;NA;NA;NA;0;1;0;1;25;Bestvi;NA;NA;0.010416667;NA;NA;NA;2012;NA;NA;2400;NA;NA;NA
122B25;NA;NA;96;NA;NA;NA;0;1;0;1;25;Bestvi;NA;NA;0.010416667;NA;NA;NA;2012;NA;NA;2400;NA;NA;NA
123B25;NA;NA;96;NA;NA;NA;0;1;0;1;25;Bestvi;NA;NA;0.010416667;NA;NA;NA;2012;NA;NA;2400;NA;NA;NA
124B25;NA;NA;96;NA;NA;NA;0;1;0;1;25;Bestvi;NA;NA;0.010416667;NA;NA;NA;2012;NA;NA;2400;NA;NA;NA
98P15;NA;NA;96;NA;NA;NA;0;1;0;1;15;Praha;NA;NA;0.010416667;NA;NA;NA;2012;NA;NA;1440;NA;NA;NA
99P15;NA;NA;96;408;288;NA;1;1;1;1;15;Praha;NA;NA;0.010416667;0.00245098;0.003472222;NA;2012;NA;NA;1440;6120;4320;NA
132P21;NA;NA;96;240;NA;NA;0;1;1;1;21;Praha;NA;NA;0.010416667;0.004166667;NA;NA;2012;NA;NA;2016;5040;NA;NA
125B25;NA;NA;96;240;NA;NA;0;1;1;1;25;Bestvi;NA;NA;0.010416667;0.004166667;NA;NA;2012;NA;NA;2400;6000;NA;NA
BSW18002;NA;46.5;98;NA;NA;NA;0;1;0;1;18;Bestvi;NA;0.021505376;0.010204082;NA;NA;NA;2013;NA;837;1764;NA;NA;NA
BSW18001;133;46.5;98;NA;NA;NA;0;1;0;1;18;Bestvi;0.007518797;0.021505376;0.010204082;NA;NA;NA;2013;2394;837;1764;NA;NA;NA
PSW15001;180;94;98;NA;NA;NA;0;1;0;1;15;Praha;0.005555556;0.010638298;0.010204082;NA;NA;NA;2013;2700;1410;1470;NA;NA;NA
DSW18011;NA;47.75;98.75;NA;NA;NA;0;1;0;1;18;Domazlice;NA;0.020942408;0.010126582;NA;NA;NA;2013;NA;859.5;1777.5;NA;NA;NA
BSW18019;180.7500007;25;100;NA;NA;NA;0;1;0;1;18;Bestvi;0.005532503;0.04;0.01;NA;NA;NA;2013;3253.500013;450;1800;NA;NA;NA
PSW18024;180.7500007;25;100;NA;NA;NA;0;1;0;1;18;Praha;0.005532503;0.04;0.01;NA;NA;NA;2013;3253.500013;450;1800;NA;NA;NA
PSW18026;180.7500007;25;100;NA;NA;NA;0;1;0;1;18;Praha;0.005532503;0.04;0.01;NA;NA;NA;2013;3253.500013;450;1800;NA;NA;NA
DSW18020;137.7500007;68;100;NA;NA;NA;0;1;0;1;18;Domazlice;0.007259528;0.014705882;0.01;NA;NA;NA;2013;2479.500013;1224;1800;NA;NA;NA
PSW21071;86;90.5;100.5;NA;NA;NA;0;1;0;1;21;Praha;0.011627907;0.011049724;0.009950249;NA;NA;NA;2013;1806;1900.5;2110.5;NA;NA;NA
KSW18011;133;114.5;100.5;NA;NA;NA;0;1;0;1;18;Klatovy;0.007518797;0.008733624;0.009950249;NA;NA;NA;2013;2394;2061;1809;NA;NA;NA
PSW18039;133;114.5;100.5;NA;NA;NA;0;1;0;1;18;Praha;0.007518797;0.008733624;0.009950249;NA;NA;NA;2013;2394;2061;1809;NA;NA;NA
BSW18034;160.5;24;114.5;NA;NA;NA;0;1;0;1;18;Bestvi;0.00623053;0.041666667;0.008733624;NA;NA;NA;2013;2889;432;2061;NA;NA;NA
BSW18028;112.5;72;114.5;NA;NA;NA;0;1;0;1;18;Bestvi;0.008888889;0.013888889;0.008733624;NA;NA;NA;2013;2025;1296;2061;NA;NA;NA
DSW18015;158.25;25.5;119;NA;NA;NA;0;1;0;1;18;Domazlice;0.006319115;0.039215686;0.008403361;NA;NA;NA;2013;2848.5;459;2142;NA;NA;NA
BSW18024;155;27;121;NA;NA;NA;0;1;0;1;18;Bestvi;0.006451613;0.037037037;0.008264463;NA;NA;NA;2013;2790;486;2178;NA;NA;NA
DSW18018;137.7500007;95;121;NA;NA;NA;0;1;0;1;18;Domazlice;0.007259528;0.010526316;0.008264463;NA;NA;NA;2013;2479.500013;1710;2178;NA;NA;NA
DSW18016;111.25;95;121;NA;NA;NA;0;1;0;1;18;Domazlice;0.008988764;0.010526316;0.008264463;NA;NA;NA;2013;2002.5;1710;2178;NA;NA;NA
PSW18001;NA;46;121.5;NA;NA;NA;0;1;0;1;18;Praha;NA;0.02173913;0.008230453;NA;NA;NA;2013;NA;828;2187;NA;NA;NA
PSW15003;180;94;125.5;NA;NA;NA;0;1;0;1;15;Praha;0.005555556;0.010638298;0.007968127;NA;NA;NA;2013;2700;1410;1882.5;NA;NA;NA
PSW21049;88.5;96;138.75;NA;NA;NA;0;1;0;1;21;Praha;0.011299435;0.010416667;0.007207207;NA;NA;NA;2013;1858.5;2016;2913.75;NA;NA;NA
PSW21026;86.375;76.5;144;NA;NA;NA;0;1;0;1;21;Praha;0.011577424;0.013071895;0.006944444;NA;NA;NA;2013;1813.875;1606.5;3024;NA;NA;NA
136P15;216;144;144;288;NA;NA;0;1;1;1;15;Praha;0.00462963;0.006944444;0.006944444;0.003472222;NA;NA;2012;3240;2160;2160;4320;NA;NA
15P15;NA;NA;144;NA;NA;NA;0;1;0;1;15;Praha;NA;NA;0.006944444;NA;NA;NA;2012;NA;NA;2160;NA;NA;NA
14P15;NA;NA;144;480;NA;NA;0;1;1;1;15;Praha;NA;NA;0.006944444;0.002083333;NA;NA;2012;NA;NA;2160;7200;NA;NA
13P15;NA;NA;144;408;NA;NA;0;1;1;1;15;Praha;NA;NA;0.006944444;0.00245098;NA;NA;2012;NA;NA;2160;6120;NA;NA
12P15;NA;NA;144;336;528;NA;1;1;1;1;15;Praha;NA;NA;0.006944444;0.00297619;0.001893939;NA;2012;NA;NA;2160;5040;7920;NA
PSW21051;113.0000007;44;147;NA;NA;NA;0;1;0;1;21;Praha;0.008849557;0.022727273;0.006802721;NA;NA;NA;2013;2373.000015;924;3087;NA;NA;NA
KSW1801006;155.5;24.5;147.5;NA;NA;NA;0;1;0;1;18;Klatovy;0.006430868;0.040816327;0.006779661;NA;NA;NA;2013;2799;441;2655;NA;NA;NA
DSW18017;111.25;68;148;NA;NA;NA;0;1;0;1;18;Domazlice;0.008988764;0.014705882;0.006756757;NA;NA;NA;2013;2002.5;1224;2664;NA;NA;NA
PSW18005;133;94.25;151.25;NA;NA;NA;0;1;0;1;18;Praha;0.007518797;0.01061008;0.00661157;NA;NA;NA;2013;2394;1696.5;2722.5;NA;NA;NA
DSW18023;105.5;100;167;NA;NA;NA;0;1;0;1;18;Domazlice;0.009478673;0.01;0.005988024;NA;NA;NA;2013;1899;1800;3006;NA;NA;NA
25B15;72;72;168;NA;NA;NA;0;1;0;1;15;Bestvi;0.013888889;0.013888889;0.005952381;NA;NA;NA;2012;1080;1080;2520;NA;NA;NA
26B15;72;72;168;NA;NA;NA;0;1;0;1;15;Bestvi;0.013888889;0.013888889;0.005952381;NA;NA;NA;2012;1080;1080;2520;NA;NA;NA
27B15;72;72;168;NA;NA;NA;0;1;0;1;15;Bestvi;0.013888889;0.013888889;0.005952381;NA;NA;NA;2012;1080;1080;2520;NA;NA;NA
28B15;72;72;168;NA;NA;NA;0;1;0;1;15;Bestvi;0.013888889;0.013888889;0.005952381;NA;NA;NA;2012;1080;1080;2520;NA;NA;NA
29B15;72;72;168;NA;NA;NA;0;1;0;1;15;Bestvi;0.013888889;0.013888889;0.005952381;NA;NA;NA;2012;1080;1080;2520;NA;NA;NA
30B15;72;72;168;NA;NA;NA;0;1;0;1;15;Bestvi;0.013888889;0.013888889;0.005952381;NA;NA;NA;2012;1080;1080;2520;NA;NA;NA
31B15;72;72;168;NA;NA;NA;0;1;0;1;15;Bestvi;0.013888889;0.013888889;0.005952381;NA;NA;NA;2012;1080;1080;2520;NA;NA;NA
32B15;72;72;168;NA;NA;NA;0;1;0;1;15;Bestvi;0.013888889;0.013888889;0.005952381;NA;NA;NA;2012;1080;1080;2520;NA;NA;NA
33B15;72;72;168;NA;NA;NA;0;1;0;1;15;Bestvi;0.013888889;0.013888889;0.005952381;NA;NA;NA;2012;1080;1080;2520;NA;NA;NA
34B15;72;72;168;NA;NA;NA;0;1;0;1;15;Bestvi;0.013888889;0.013888889;0.005952381;NA;NA;NA;2012;1080;1080;2520;NA;NA;NA
35B15;72;72;168;NA;NA;NA;0;1;0;1;15;Bestvi;0.013888889;0.013888889;0.005952381;NA;NA;NA;2012;1080;1080;2520;NA;NA;NA
36B15;72;72;168;NA;NA;NA;0;1;0;1;15;Bestvi;0.013888889;0.013888889;0.005952381;NA;NA;NA;2012;1080;1080;2520;NA;NA;NA
37B15;72;72;168;NA;NA;NA;0;1;0;1;15;Bestvi;0.013888889;0.013888889;0.005952381;NA;NA;NA;2012;1080;1080;2520;NA;NA;NA
38B15;72;72;168;NA;NA;NA;0;1;0;1;15;Bestvi;0.013888889;0.013888889;0.005952381;NA;NA;NA;2012;1080;1080;2520;NA;NA;NA
39B15;72;72;168;NA;NA;NA;0;1;0;1;15;Bestvi;0.013888889;0.013888889;0.005952381;NA;NA;NA;2012;1080;1080;2520;NA;NA;NA
40B15;72;72;168;NA;NA;NA;0;1;0;1;15;Bestvi;0.013888889;0.013888889;0.005952381;NA;NA;NA;2012;1080;1080;2520;NA;NA;NA
77B21;72;72;168;NA;NA;NA;0;1;0;1;21;Bestvi;0.013888889;0.013888889;0.005952381;NA;NA;NA;2012;1512;1512;3528;NA;NA;NA
78B21;72;72;168;NA;NA;NA;0;1;0;1;21;Bestvi;0.013888889;0.013888889;0.005952381;NA;NA;NA;2012;1512;1512;3528;NA;NA;NA
79B21;72;72;168;NA;NA;NA;0;1;0;1;21;Bestvi;0.013888889;0.013888889;0.005952381;NA;NA;NA;2012;1512;1512;3528;NA;NA;NA
80B21;72;72;168;NA;NA;NA;0;1;0;1;21;Bestvi;0.013888889;0.013888889;0.005952381;NA;NA;NA;2012;1512;1512;3528;NA;NA;NA
81B21;72;72;168;NA;NA;NA;0;1;0;1;21;Bestvi;0.013888889;0.013888889;0.005952381;NA;NA;NA;2012;1512;1512;3528;NA;NA;NA
82B21;72;72;168;NA;NA;NA;0;1;0;1;21;Bestvi;0.013888889;0.013888889;0.005952381;NA;NA;NA;2012;1512;1512;3528;NA;NA;NA
22B15;72;72;168;480;NA;NA;0;1;1;1;15;Bestvi;0.013888889;0.013888889;0.005952381;0.002083333;NA;NA;2012;1080;1080;2520;7200;NA;NA
23B15;72;72;168;480;NA;NA;0;1;1;1;15;Bestvi;0.013888889;0.013888889;0.005952381;0.002083333;NA;NA;2012;1080;1080;2520;7200;NA;NA
24B15;72;72;168;480;NA;NA;0;1;1;1;15;Bestvi;0.013888889;0.013888889;0.005952381;0.002083333;NA;NA;2012;1080;1080;2520;7200;NA;NA
BSW18026;109.5000007;121;168;NA;NA;NA;0;1;0;1;18;Bestvi;0.00913242;0.008264463;0.005952381;NA;NA;NA;2013;1971.000013;2178;3024;NA;NA;NA
41B15;NA;NA;168;NA;NA;NA;0;1;0;1;15;Bestvi;NA;NA;0.005952381;NA;NA;NA;2012;NA;NA;2520;NA;NA;NA
42B15;NA;NA;168;NA;NA;NA;0;1;0;1;15;Bestvi;NA;NA;0.005952381;NA;NA;NA;2012;NA;NA;2520;NA;NA;NA
BSW18005;131.25;74;171.5;NA;NA;NA;0;1;0;1;18;Bestvi;0.007619048;0.013513514;0.005830904;NA;NA;NA;2013;2362.5;1332;3087;NA;NA;NA
PSW15016;157;191;189;NA;NA;NA;0;1;0;1;15;Praha;0.006369427;0.005235602;0.005291005;NA;NA;NA;2013;2355;2865;2835;NA;NA;NA
