;egg;L1;L2;L3;pupae;total;temp;loc;year;DT_egg;DT_L1;DT_L2;DT_L3;DT_pupae;DT_total
83B21;3;NA;NA;11;6;NA;21;Bestvi;2012;63;NA;NA;231;126;NA
84B21;3;NA;NA;11;6;NA;21;Bestvi;2012;63;NA;NA;231;126;NA
DSW18001;NA;3.083333333;1.979166667;11.22916667;7.833333333;NA;18;Domazlice;2013;NA;55.5;35.625;202.125;141;NA
DSW18001;NA;3.083333333;1.979166667;11.22916667;7.833333333;NA;18;Domazlice;2013;NA;55.5;35.625;202.125;141;NA
71B21;3;3;4;7;10;27;21;Bestvi;2012;63;63;84;147;210;567
3B15;3;9;4;17;12;45;15;Bestvi;2012;45;135;60;255;180;675
99P15;NA;NA;4;17;12;NA;15;Praha;2012;NA;NA;60;255;180;NA
20B15;3;3;3;21;12;42;15;Bestvi;2012;45;45;45;315;180;630
72B21;3;3;4;7;13;30;21;Bestvi;2012;63;63;84;147;273;630
1B15;3;6;3;17;16;45;15;Bestvi;2012;45;90;45;255;240;675
2B15;3;6;3;17;16;45;15;Bestvi;2012;45;90;45;255;240;675
12P15;NA;NA;6;14;22;NA;15;Praha;2012;NA;NA;90;210;330;NA
73B21;3;3;4;10;NA;NA;21;Bestvi;2012;63;63;84;210;NA;NA
74B21;3;3;4;10;NA;NA;21;Bestvi;2012;63;63;84;210;NA;NA
75B21;3;3;4;10;NA;NA;21;Bestvi;2012;63;63;84;210;NA;NA
76B21;3;3;4;10;NA;NA;21;Bestvi;2012;63;63;84;210;NA;NA
132P21;NA;NA;4;10;NA;NA;21;Praha;2012;NA;NA;84;210;NA;NA
125B25;NA;NA;4;10;NA;NA;25;Bestvi;2012;NA;NA;100;250;NA;NA
131P21;3;NA;NA;10;NA;NA;21;Praha;2012;63;NA;NA;210;NA;NA
136P15;9;6;6;12;NA;NA;15;Praha;2012;135;90;90;180;NA;NA
BSW21005002;3.479166667;2.96875;2.09375;12.20833333;NA;NA;21;Bestvi;2013;73.0625;62.34375;43.96875;256.375;NA;NA
DSW18002;NA;3;1.979166667;15.22916667;NA;NA;18;Domazlice;2013;NA;54;35.625;274.125;NA;NA
4B15;3;9;4;17;NA;NA;15;Bestvi;2012;45;135;60;255;NA;NA
13P15;NA;NA;6;17;NA;NA;15;Praha;2012;NA;NA;90;255;NA;NA
14P15;NA;NA;6;20;NA;NA;15;Praha;2012;NA;NA;90;300;NA;NA
22B15;3;3;7;20;NA;NA;15;Bestvi;2012;45;45;105;300;NA;NA
23B15;3;3;7;20;NA;NA;15;Bestvi;2012;45;45;105;300;NA;NA
24B15;3;3;7;20;NA;NA;15;Bestvi;2012;45;45;105;300;NA;NA
21B15;3;3;3;21;NA;NA;15;Bestvi;2012;45;45;45;315;NA;NA
127P21;3;4;1;NA;NA;NA;21;Praha;2012;63;84;21;NA;NA;NA
86P15;6;4;1;NA;NA;NA;15;Praha;2012;90;60;15;NA;NA;NA
87P15;6;4;1;NA;NA;NA;15;Praha;2012;90;60;15;NA;NA;NA
88P15;6;4;1;NA;NA;NA;15;Praha;2012;90;60;15;NA;NA;NA
89P15;6;4;1;NA;NA;NA;15;Praha;2012;90;60;15;NA;NA;NA
90P15;6;4;1;NA;NA;NA;15;Praha;2012;90;60;15;NA;NA;NA
91P15;6;4;1;NA;NA;NA;15;Praha;2012;90;60;15;NA;NA;NA
BSW21024;4.458333333;2.041666667;1.833333333;NA;NA;NA;21;Bestvi;2013;93.625;42.875;38.5;NA;NA;NA
PSW21005;5.5;1.979166667;1.9375;NA;NA;NA;21;Praha;2013;115.5;41.5625;40.6875;NA;NA;NA
BSW21014;NA;4.208333333;1.9375;NA;NA;NA;21;Bestvi;2013;NA;88.375;40.6875;NA;NA;NA
PSW1803002;NA;NA;1.979166667;NA;NA;NA;18;Praha;2013;NA;NA;35.625;NA;NA;NA
DSW18004;NA;5;1.989583333;NA;NA;NA;18;Domazlice;2013;NA;90;35.8125;NA;NA;NA
PSW21040;4.5625;2.041666667;2;NA;NA;NA;21;Praha;2013;95.8125;42.875;42;NA;NA;NA
PSW21050;4.708333363;3;2;NA;NA;27;21;Praha;2013;98.87500061;63;42;NA;NA;567
PSW2504002;NA;NA;2;NA;NA;NA;25;Praha;2013;NA;NA;50;NA;NA;NA
BSW21004;NA;1.041666667;2.041666667;NA;NA;NA;21;Bestvi;2013;NA;21.875;42.875;NA;NA;NA
BSW21003;NA;2;2.041666667;NA;NA;NA;21;Bestvi;2013;NA;42;42.875;NA;NA;NA
BSW21005;NA;2;2.041666667;NA;NA;NA;21;Bestvi;2013;NA;42;42.875;NA;NA;NA
KSW1801003;NA;2;2.041666667;NA;NA;NA;18;Klatovy;2013;NA;36;36.75;NA;NA;NA
PSW18028;6.427083333;3.166666667;2.041666667;NA;NA;NA;18;Praha;2013;115.6875;57;36.75;NA;NA;NA
PSW18023;7.578125029;3.166666667;2.041666667;NA;NA;NA;18;Praha;2013;136.4062505;57;36.75;NA;NA;NA
PSW21033;4.635416667;2.833333333;2.125;NA;NA;NA;21;Praha;2013;97.34375;59.5;44.625;NA;NA;NA
DSW18019;5.739583363;2.833333333;2.125;NA;NA;NA;18;Domazlice;2013;103.3125005;51;38.25;NA;NA;NA
PSW21058;4.6875;0.833333333;2.166666667;NA;NA;NA;21;Praha;2013;98.4375;17.5;45.5;NA;NA;NA
PSW21053;4.708333363;1.833333333;2.166666667;NA;NA;NA;21;Praha;2013;98.87500061;38.5;45.5;NA;NA;NA
PSW18014;5.46875;3.083333333;2.1875;NA;NA;NA;18;Praha;2013;98.4375;55.5;39.375;NA;NA;NA
PSW18015;5.46875;3.083333333;2.1875;NA;NA;NA;18;Praha;2013;98.4375;55.5;39.375;NA;NA;NA
PSW18012;6.458333333;3.083333333;2.1875;NA;NA;NA;18;Praha;2013;116.25;55.5;39.375;NA;NA;NA
KSW18003;5.479166696;5.083333333;2.1875;NA;NA;NA;18;Klatovy;2013;98.62500053;91.5;39.375;NA;NA;NA
BSW21008;4.458333363;3.020833333;2.208333333;NA;NA;NA;21;Bestvi;2013;93.62500061;63.4375;46.375;NA;NA;NA
PSW21060;4.4375;6.9375;2.229166667;NA;NA;NA;21;Praha;2013;93.1875;145.6875;46.8125;NA;NA;NA
PSW21037;4.395833333;2.125;2.875;NA;NA;NA;21;Praha;2013;92.3125;44.625;60.375;NA;NA;NA
PSW21052;4.708333363;3;2.875;NA;NA;NA;21;Praha;2013;98.87500061;63;60.375;NA;NA;NA
PSW21054;4.708333363;3;2.875;NA;NA;NA;21;Praha;2013;98.87500061;63;60.375;NA;NA;NA
PSW21056;4.708333363;3;2.875;NA;NA;28;21;Praha;2013;98.87500061;63;60.375;NA;NA;588
KSW1801002;NA;4.041666667;2.9375;NA;NA;NA;18;Klatovy;2013;NA;72.75;52.875;NA;NA;NA
PSW21006;5.5;0.958333333;2.958333333;NA;NA;NA;21;Praha;2013;115.5;20.125;62.125;NA;NA;NA
DSW18005;6.458333333;1.020833333;2.958333333;NA;NA;NA;18;Domazlice;2013;116.25;18.375;53.25;NA;NA;NA
PSW1803005;7.458333333;1.020833333;2.958333333;NA;NA;NA;18;Praha;2013;134.25;18.375;53.25;NA;NA;NA
PSW21066;4.541666667;2;2.958333333;NA;NA;NA;21;Praha;2013;95.375;42;62.125;NA;NA;NA
PSW21067;4.541666667;2;2.958333333;NA;NA;NA;21;Praha;2013;95.375;42;62.125;NA;NA;NA
PSW18002;NA;3;2.958333333;NA;NA;NA;18;Praha;2013;NA;54;53.25;NA;NA;NA
PSW18034;5.520833333;3.166666667;2.958333333;NA;NA;NA;18;Praha;2013;99.375;57;53.25;NA;NA;NA
PSW21061;4.4375;3.166666667;2.958333333;NA;NA;26;21;Praha;2013;93.1875;66.5;62.125;NA;NA;546
PSW21045;3.6875;5;2.958333333;NA;NA;NA;21;Praha;2013;77.4375;105;62.125;NA;NA;NA
BSW21006;NA;NA;2.958333333;NA;NA;NA;21;Bestvi;2013;NA;NA;62.125;NA;NA;NA
PSW21007;NA;0.958333333;2.96875;NA;NA;NA;21;Praha;2013;NA;20.125;62.34375;NA;NA;NA
BSW21025;4.458333333;2.041666667;3;NA;NA;NA;21;Bestvi;2013;93.625;42.875;63;NA;NA;NA
PSW21041;4.562500029;2.041666667;3;NA;NA;NA;21;Praha;2013;95.81250061;42.875;63;NA;NA;NA
PSW21042;4.562500029;2.041666667;3;NA;NA;NA;21;Praha;2013;95.81250061;42.875;63;NA;NA;NA
BSW21023;4.458333333;2.041666667;3;NA;NA;28;21;Bestvi;2013;93.625;42.875;63;NA;NA;588
51B21;2;3;3;NA;NA;NA;21;Bestvi;2012;42;63;63;NA;NA;NA
52B21;2;3;3;NA;NA;NA;21;Bestvi;2012;42;63;63;NA;NA;NA
53B21;2;3;3;NA;NA;NA;21;Bestvi;2012;42;63;63;NA;NA;NA
54B21;2;3;3;NA;NA;NA;21;Bestvi;2012;42;63;63;NA;NA;NA
55B21;2;3;3;NA;NA;NA;21;Bestvi;2012;42;63;63;NA;NA;NA
56B21;2;3;3;NA;NA;NA;21;Bestvi;2012;42;63;63;NA;NA;NA
92P15;6;4;3;NA;NA;NA;15;Praha;2012;90;60;45;NA;NA;NA
BSW21021;3.333333333;4.166666667;3;NA;NA;NA;21;Bestvi;2013;70;87.5;63;NA;NA;NA
11P15;4;6;3;NA;NA;NA;15;Praha;2012;60;90;45;NA;NA;NA
66P15;2;10;3;NA;NA;NA;15;Praha;2012;30;150;45;NA;NA;NA
67P15;2;10;3;NA;NA;NA;15;Praha;2012;30;150;45;NA;NA;NA
57B21;NA;NA;3;NA;NA;NA;21;Bestvi;2012;NA;NA;63;NA;NA;NA
BSW18025;6.458333333;1.125;3.041666667;NA;NA;NA;18;Bestvi;2013;116.25;20.25;54.75;NA;NA;NA
PSW21036;4.395833333;1.125;3.041666667;NA;NA;28;21;Praha;2013;92.3125;23.625;63.875;NA;NA;588
BSW18020;6.427083333;2.166666667;3.041666667;NA;NA;NA;18;Bestvi;2013;115.6875;39;54.75;NA;NA;NA
BSW18023;6.427083333;2.166666667;3.041666667;NA;NA;NA;18;Bestvi;2013;115.6875;39;54.75;NA;NA;NA
KSW18005;6.427083333;2.166666667;3.041666667;NA;NA;NA;18;Klatovy;2013;115.6875;39;54.75;NA;NA;NA
PSW18027;6.427083333;2.166666667;3.041666667;NA;NA;NA;18;Praha;2013;115.6875;39;54.75;NA;NA;NA
PSW18029;6.427083333;2.166666667;3.041666667;NA;NA;NA;18;Praha;2013;115.6875;39;54.75;NA;NA;NA
PSW18025;7.531250029;2.166666667;3.041666667;NA;NA;NA;18;Praha;2013;135.5625005;39;54.75;NA;NA;NA
BSW18016;5.739583363;3.958333333;3.041666667;NA;NA;NA;18;Bestvi;2013;103.3125005;71.25;54.75;NA;NA;NA
KSW18013;6.604166667;3.958333333;3.041666667;NA;NA;NA;18;Klatovy;2013;118.875;71.25;54.75;NA;NA;NA
PSW18019;5.739583363;3.958333333;3.041666667;NA;NA;34;18;Praha;2013;103.3125005;71.25;54.75;NA;NA;612
PSW18033;5.520833333;6.125;3.041666667;NA;NA;NA;18;Praha;2013;99.375;110.25;54.75;NA;NA;NA
KSW1801004;NA;2.958333333;3.0625;NA;NA;NA;18;Klatovy;2013;NA;53.25;55.125;NA;NA;NA
PSW21020;4.458333333;2;3.083333333;NA;NA;NA;21;Praha;2013;93.625;42;64.75;NA;NA;NA
PSW18007;NA;3.020833333;3.083333333;NA;NA;NA;18;Praha;2013;NA;54.375;55.5;NA;NA;NA
PSW21055;4.708333363;1.833333333;3.166666667;NA;NA;NA;21;Praha;2013;98.87500061;38.5;66.5;NA;NA;NA
PSW21030;3.625;2.833333333;3.166666667;NA;NA;NA;21;Praha;2013;76.125;59.5;66.5;NA;NA;NA
PSW21032;3.625;2.833333333;3.166666667;NA;NA;NA;21;Praha;2013;76.125;59.5;66.5;NA;NA;NA
BSW18014;5.739583363;2.833333333;3.166666667;NA;NA;NA;18;Bestvi;2013;103.3125005;51;57;NA;NA;NA
BSW18015;5.739583363;2.833333333;3.166666667;NA;NA;NA;18;Bestvi;2013;103.3125005;51;57;NA;NA;NA
BSW18017;5.739583363;2.833333333;3.166666667;NA;NA;NA;18;Bestvi;2013;103.3125005;51;57;NA;NA;NA
PSW18022;5.739583363;2.833333333;3.166666667;NA;NA;NA;18;Praha;2013;103.3125005;51;57;NA;NA;NA
PSW21034;5.739583363;2.833333333;3.166666667;NA;NA;NA;21;Praha;2013;120.5312506;59.5;66.5;NA;NA;NA
BSW18009;4.739583363;3.833333333;3.166666667;NA;NA;NA;18;Bestvi;2013;85.31250053;69;57;NA;NA;NA
BSW18003;4.4375;4.114583333;3.1875;NA;NA;NA;18;Bestvi;2013;79.875;74.0625;57.375;NA;NA;NA
PSW18011;4.4375;4.114583333;3.1875;NA;NA;NA;18;Praha;2013;79.875;74.0625;57.375;NA;NA;NA
BSW18004;NA;4.114583333;3.1875;NA;NA;NA;18;Bestvi;2013;NA;74.0625;57.375;NA;NA;NA
PSW18035;5.604166667;2;3.770833333;NA;NA;NA;18;Praha;2013;100.875;36;67.875;NA;NA;NA
PSW21063;4.4375;3.166666667;3.770833333;NA;NA;NA;21;Praha;2013;93.1875;66.5;79.1875;NA;NA;NA
BSW18032;5.520833333;3.166666667;3.770833333;NA;NA;NA;18;Bestvi;2013;99.375;57;67.875;NA;NA;NA
PSW21065;4.4375;3.166666667;3.770833333;NA;NA;29;21;Praha;2013;93.1875;66.5;79.1875;NA;NA;609
BSW18007;4.739583333;4.958333333;3.875;NA;NA;NA;18;Bestvi;2013;85.3125;89.25;69.75;NA;NA;NA
DSW18006;6.458333333;1.020833333;3.927083333;NA;NA;NA;18;Domazlice;2013;116.25;18.375;70.6875;NA;NA;NA
KSW18002;6.458333333;1.020833333;3.927083333;NA;NA;NA;18;Klatovy;2013;116.25;18.375;70.6875;NA;NA;NA
DSW18026;4.6875;3;3.958333333;NA;NA;NA;18;Domazlice;2013;84.375;54;71.25;NA;NA;NA
PSW21047;3.6875;4;3.958333333;NA;NA;NA;21;Praha;2013;77.4375;84;83.125;NA;NA;NA
PSW21046;3.6875;4;3.958333333;NA;NA;30;21;Praha;2013;77.4375;84;83.125;NA;NA;630
PSW18013;5.46875;3.083333333;3.979166667;NA;NA;NA;18;Praha;2013;98.4375;55.5;71.625;NA;NA;NA
PSW1803004;NA;NA;3.979166667;NA;NA;NA;18;Praha;2013;NA;NA;71.625;NA;NA;NA
KSW18001;NA;1.979166667;4;NA;NA;NA;18;Klatovy;2013;NA;35.625;72;NA;NA;NA
BSW21027;4.458333333;2.041666667;4;NA;NA;NA;21;Bestvi;2013;93.625;42.875;84;NA;NA;NA
KSW18008;6.614583333;2.041666667;4;NA;NA;NA;18;Klatovy;2013;119.0625;36.75;72;NA;NA;NA
93P15;6;4;4;NA;NA;NA;15;Praha;2012;90;60;60;NA;NA;NA
PSW15004;7.578125029;5.208333333;4;NA;NA;NA;15;Praha;2013;113.6718754;78.125;60;NA;NA;NA
5B15;4;8;4;NA;NA;NA;15;Bestvi;2012;60;120;60;NA;NA;NA
6B15;4;8;4;NA;NA;NA;15;Bestvi;2012;60;120;60;NA;NA;NA
7B15;4;8;4;NA;NA;NA;15;Bestvi;2012;60;120;60;NA;NA;NA
8B15;4;8;4;NA;NA;NA;15;Bestvi;2012;60;120;60;NA;NA;NA
9B15;4;8;4;NA;NA;NA;15;Bestvi;2012;60;120;60;NA;NA;NA
115B25;NA;NA;4;NA;NA;NA;25;Bestvi;2012;NA;NA;100;NA;NA;NA
116B25;NA;NA;4;NA;NA;NA;25;Bestvi;2012;NA;NA;100;NA;NA;NA
117B25;NA;NA;4;NA;NA;NA;25;Bestvi;2012;NA;NA;100;NA;NA;NA
118B25;NA;NA;4;NA;NA;NA;25;Bestvi;2012;NA;NA;100;NA;NA;NA
119B25;NA;NA;4;NA;NA;NA;25;Bestvi;2012;NA;NA;100;NA;NA;NA
120B25;NA;NA;4;NA;NA;NA;25;Bestvi;2012;NA;NA;100;NA;NA;NA
121B25;NA;NA;4;NA;NA;NA;25;Bestvi;2012;NA;NA;100;NA;NA;NA
122B25;NA;NA;4;NA;NA;NA;25;Bestvi;2012;NA;NA;100;NA;NA;NA
123B25;NA;NA;4;NA;NA;NA;25;Bestvi;2012;NA;NA;100;NA;NA;NA
124B25;NA;NA;4;NA;NA;NA;25;Bestvi;2012;NA;NA;100;NA;NA;NA
98P15;NA;NA;4;NA;NA;NA;15;Praha;2012;NA;NA;60;NA;NA;NA
BSW18001;5.541666667;1.9375;4.083333333;NA;NA;NA;18;Bestvi;2013;99.75;34.875;73.5;NA;NA;NA
BSW18002;NA;1.9375;4.083333333;NA;NA;NA;18;Bestvi;2013;NA;34.875;73.5;NA;NA;NA
PSW15001;7.5;3.916666667;4.083333333;NA;NA;NA;15;Praha;2013;112.5;58.75;61.25;NA;NA;NA
DSW18011;NA;1.989583333;4.114583333;NA;NA;NA;18;Domazlice;2013;NA;35.8125;74.0625;NA;NA;NA
BSW18019;7.531250029;1.041666667;4.166666667;NA;NA;NA;18;Bestvi;2013;135.5625005;18.75;75;NA;NA;NA
PSW18024;7.531250029;1.041666667;4.166666667;NA;NA;NA;18;Praha;2013;135.5625005;18.75;75;NA;NA;NA
PSW18026;7.531250029;1.041666667;4.166666667;NA;NA;NA;18;Praha;2013;135.5625005;18.75;75;NA;NA;NA
DSW18020;5.739583363;2.833333333;4.166666667;NA;NA;NA;18;Domazlice;2013;103.3125005;51;75;NA;NA;NA
PSW21071;3.583333333;3.770833333;4.1875;NA;NA;NA;21;Praha;2013;75.25;79.1875;87.9375;NA;NA;NA
KSW18011;5.541666667;4.770833333;4.1875;NA;NA;NA;18;Klatovy;2013;99.75;85.875;75.375;NA;NA;NA
PSW18039;5.541666667;4.770833333;4.1875;NA;NA;NA;18;Praha;2013;99.75;85.875;75.375;NA;NA;NA
BSW18034;6.6875;1;4.770833333;NA;NA;NA;18;Bestvi;2013;120.375;18;85.875;NA;NA;NA
BSW18028;4.6875;3;4.770833333;NA;NA;NA;18;Bestvi;2013;84.375;54;85.875;NA;NA;NA
DSW18015;6.59375;1.0625;4.958333333;NA;NA;NA;18;Domazlice;2013;118.6875;19.125;89.25;NA;NA;NA
BSW18024;6.458333333;1.125;5.041666667;NA;NA;NA;18;Bestvi;2013;116.25;20.25;90.75;NA;NA;NA
DSW18016;4.635416667;3.958333333;5.041666667;NA;NA;NA;18;Domazlice;2013;83.4375;71.25;90.75;NA;NA;NA
DSW18018;5.739583363;3.958333333;5.041666667;NA;NA;NA;18;Domazlice;2013;103.3125005;71.25;90.75;NA;NA;NA
PSW18001;NA;1.916666667;5.0625;NA;NA;NA;18;Praha;2013;NA;34.5;91.125;NA;NA;NA
PSW15003;7.5;3.916666667;5.229166667;NA;NA;NA;15;Praha;2013;112.5;58.75;78.4375;NA;NA;NA
PSW21049;3.6875;4;5.78125;NA;NA;NA;21;Praha;2013;77.4375;84;121.40625;NA;NA;NA
PSW21026;3.598958333;3.1875;6;NA;NA;NA;21;Praha;2013;75.578125;66.9375;126;NA;NA;NA
15P15;NA;NA;6;NA;NA;NA;15;Praha;2012;NA;NA;90;NA;NA;NA
PSW21051;4.708333363;1.833333333;6.125;NA;NA;NA;21;Praha;2013;98.87500061;38.5;128.625;NA;NA;NA
KSW1801006;6.479166667;1.020833333;6.145833333;NA;NA;NA;18;Klatovy;2013;116.625;18.375;110.625;NA;NA;NA
DSW18017;4.635416667;2.833333333;6.166666667;NA;NA;NA;18;Domazlice;2013;83.4375;51;111;NA;NA;NA
PSW18005;5.541666667;3.927083333;6.302083333;NA;NA;NA;18;Praha;2013;99.75;70.6875;113.4375;NA;NA;NA
DSW18023;4.395833333;4.166666667;6.958333333;NA;NA;NA;18;Domazlice;2013;79.125;75;125.25;NA;NA;NA
25B15;3;3;7;NA;NA;NA;15;Bestvi;2012;45;45;105;NA;NA;NA
26B15;3;3;7;NA;NA;NA;15;Bestvi;2012;45;45;105;NA;NA;NA
27B15;3;3;7;NA;NA;NA;15;Bestvi;2012;45;45;105;NA;NA;NA
28B15;3;3;7;NA;NA;NA;15;Bestvi;2012;45;45;105;NA;NA;NA
29B15;3;3;7;NA;NA;NA;15;Bestvi;2012;45;45;105;NA;NA;NA
30B15;3;3;7;NA;NA;NA;15;Bestvi;2012;45;45;105;NA;NA;NA
31B15;3;3;7;NA;NA;NA;15;Bestvi;2012;45;45;105;NA;NA;NA
32B15;3;3;7;NA;NA;NA;15;Bestvi;2012;45;45;105;NA;NA;NA
33B15;3;3;7;NA;NA;NA;15;Bestvi;2012;45;45;105;NA;NA;NA
34B15;3;3;7;NA;NA;NA;15;Bestvi;2012;45;45;105;NA;NA;NA
35B15;3;3;7;NA;NA;NA;15;Bestvi;2012;45;45;105;NA;NA;NA
36B15;3;3;7;NA;NA;NA;15;Bestvi;2012;45;45;105;NA;NA;NA
37B15;3;3;7;NA;NA;NA;15;Bestvi;2012;45;45;105;NA;NA;NA
38B15;3;3;7;NA;NA;NA;15;Bestvi;2012;45;45;105;NA;NA;NA
39B15;3;3;7;NA;NA;NA;15;Bestvi;2012;45;45;105;NA;NA;NA
40B15;3;3;7;NA;NA;NA;15;Bestvi;2012;45;45;105;NA;NA;NA
77B21;3;3;7;NA;NA;NA;21;Bestvi;2012;63;63;147;NA;NA;NA
78B21;3;3;7;NA;NA;NA;21;Bestvi;2012;63;63;147;NA;NA;NA
79B21;3;3;7;NA;NA;NA;21;Bestvi;2012;63;63;147;NA;NA;NA
80B21;3;3;7;NA;NA;NA;21;Bestvi;2012;63;63;147;NA;NA;NA
81B21;3;3;7;NA;NA;NA;21;Bestvi;2012;63;63;147;NA;NA;NA
82B21;3;3;7;NA;NA;NA;21;Bestvi;2012;63;63;147;NA;NA;NA
BSW18026;4.562500029;5.041666667;7;NA;NA;NA;18;Bestvi;2013;82.12500053;90.75;126;NA;NA;NA
41B15;NA;NA;7;NA;NA;NA;15;Bestvi;2012;NA;NA;105;NA;NA;NA
42B15;NA;NA;7;NA;NA;NA;15;Bestvi;2012;NA;NA;105;NA;NA;NA
BSW18005;5.46875;3.083333333;7.145833333;NA;NA;NA;18;Bestvi;2013;98.4375;55.5;128.625;NA;NA;NA
PSW15016;6.541666667;7.958333333;7.875;NA;NA;NA;15;Praha;2013;98.125;119.375;118.125;NA;NA;NA
PSW21072;3.583333333;3.770833333;8.979166667;NA;NA;NA;21;Praha;2013;75.25;79.1875;188.5625;NA;NA;NA
16P15;NA;NA;9;NA;NA;NA;15;Praha;2012;NA;NA;135;NA;NA;NA
43B15;NA;NA;10;NA;NA;NA;15;Bestvi;2012;NA;NA;150;NA;NA;NA
PSW15015;9.708333363;6;13.16666667;NA;NA;NA;15;Praha;2013;145.6250004;90;197.5;NA;NA;NA
PSW18031;4.708333363;4;16;NA;NA;NA;18;Praha;2013;84.75000053;72;288;NA;NA;NA
PSW21001;4.520833333;0.958333333;NA;NA;NA;NA;21;Praha;2013;94.9375;20.125;NA;NA;NA;NA
PSW21002;4.520833333;0.958333333;NA;NA;NA;NA;21;Praha;2013;94.9375;20.125;NA;NA;NA;NA
PSW21003;4.520833333;0.958333333;NA;NA;NA;NA;21;Praha;2013;94.9375;20.125;NA;NA;NA;NA
PSW21004;4.520833333;0.958333333;NA;NA;NA;NA;21;Praha;2013;94.9375;20.125;NA;NA;NA;NA
DSW18008;NA;0.958333333;NA;NA;NA;NA;18;Domazlice;2013;NA;17.25;NA;NA;NA;NA
PSW21021;NA;0.96875;NA;NA;NA;NA;21;Praha;2013;NA;20.34375;NA;NA;NA;NA
BSW21004001;NA;0.979166667;NA;NA;NA;NA;21;Bestvi;2013;NA;20.5625;NA;NA;NA;NA
PSW1803001;NA;1.020833333;NA;NA;NA;NA;18;Praha;2013;NA;18.375;NA;NA;NA;NA
PSW21035;NA;1.791666667;NA;NA;NA;NA;21;Praha;2013;NA;37.625;NA;NA;NA;NA
PSW21008;3.541666667;1.9375;NA;NA;NA;NA;21;Praha;2013;74.375;40.6875;NA;NA;NA;NA
DSW18007;5.541666667;1.9375;NA;NA;NA;NA;18;Domazlice;2013;99.75;34.875;NA;NA;NA;NA
PSW2504001;2.375;2;NA;NA;NA;NA;25;Praha;2013;59.375;50;NA;NA;NA;NA
PSW21068;4.541666667;2;NA;NA;NA;NA;21;Praha;2013;95.375;42;NA;NA;NA;NA
PSW21069;4.541666667;2;NA;NA;NA;NA;21;Praha;2013;95.375;42;NA;NA;NA;NA
PSW21070;4.541666667;2;NA;NA;NA;NA;21;Praha;2013;95.375;42;NA;NA;NA;NA
DSW18028;5.604166667;2;NA;NA;NA;NA;18;Domazlice;2013;100.875;36;NA;NA;NA;NA
BSW21001;NA;2;NA;NA;NA;NA;21;Bestvi;2013;NA;42;NA;NA;NA;NA
PSW18020;5.739583363;2.833333333;NA;NA;NA;NA;18;Praha;2013;103.3125005;51;NA;NA;NA;NA
BSW18013;NA;2.833333333;NA;NA;NA;NA;18;Bestvi;2013;NA;51;NA;NA;NA;NA
KSW1801005;NA;2.958333333;NA;NA;NA;NA;18;Klatovy;2013;NA;53.25;NA;NA;NA;NA
85B21;3;3;NA;NA;NA;NA;21;Bestvi;2012;63;63;NA;NA;NA;NA
45B15;6;3;NA;NA;NA;NA;15;Bestvi;2012;90;45;NA;NA;NA;NA
46B15;6;3;NA;NA;NA;NA;15;Bestvi;2012;90;45;NA;NA;NA;NA
BSW21032;4.6875;3;NA;NA;NA;26;21;Bestvi;2013;98.4375;63;NA;NA;NA;546
BSW21007;4.458333333;3.020833333;NA;NA;NA;NA;21;Bestvi;2013;93.625;63.4375;NA;NA;NA;NA
BSW21002;NA;3.083333333;NA;NA;NA;NA;21;Bestvi;2013;NA;64.75;NA;NA;NA;NA
PSW21062;4.4375;3.166666667;NA;NA;NA;NA;21;Praha;2013;93.1875;66.5;NA;NA;NA;NA
KSW18009;5.520833333;3.166666667;NA;NA;NA;NA;18;Klatovy;2013;99.375;57;NA;NA;NA;NA
PSW21039;6.458333333;3.166666667;NA;NA;NA;NA;21;Praha;2013;135.625;66.5;NA;NA;NA;NA
PSW15014;9.708333363;3.770833333;NA;NA;NA;NA;15;Praha;2013;145.6250004;56.5625;NA;NA;NA;NA
PSW21009;3.541666667;3.927083333;NA;NA;NA;NA;21;Praha;2013;74.375;82.46875;NA;NA;NA;NA
PSW21031;3.625;3.958333333;NA;NA;NA;NA;21;Praha;2013;76.125;83.125;NA;NA;NA;NA
PSW18017;4.635416667;3.958333333;NA;NA;NA;NA;18;Praha;2013;83.4375;71.25;NA;NA;NA;NA
PSW21048;3.6875;4;NA;NA;NA;NA;21;Praha;2013;77.4375;84;NA;NA;NA;NA
PSW21057;4.6875;4;NA;NA;NA;NA;21;Praha;2013;98.4375;84;NA;NA;NA;NA
94P15;6;4;NA;NA;NA;NA;15;Praha;2012;90;60;NA;NA;NA;NA
95P15;6;4;NA;NA;NA;NA;15;Praha;2012;90;60;NA;NA;NA;NA
96P15;6;4;NA;NA;NA;NA;15;Praha;2012;90;60;NA;NA;NA;NA
97P15;6;4;NA;NA;NA;NA;15;Praha;2012;90;60;NA;NA;NA;NA
BSW21011;3.4375;4.083333333;NA;NA;NA;NA;21;Bestvi;2013;72.1875;85.75;NA;NA;NA;NA
PSW21015;4.458333363;4.083333333;NA;NA;NA;NA;21;Praha;2013;93.62500061;85.75;NA;NA;NA;NA
PSW21018;4.458333363;4.083333333;NA;NA;NA;NA;21;Praha;2013;93.62500061;85.75;NA;NA;NA;NA
DSW18013;NA;4.145833333;NA;NA;NA;NA;18;Domazlice;2013;NA;74.625;NA;NA;NA;NA
DSW18022;4.395833333;4.166666667;NA;NA;NA;NA;18;Domazlice;2013;79.125;75;NA;NA;NA;NA
PSW15010;7.708333363;4.958333333;NA;NA;NA;NA;15;Praha;2013;115.6250004;74.375;NA;NA;NA;NA
138P15;4;5;NA;NA;NA;NA;15;Praha;2012;60;75;NA;NA;NA;NA
139P15;4;5;NA;NA;NA;NA;15;Praha;2012;60;75;NA;NA;NA;NA
BSW18027;4.708333363;5;NA;NA;NA;NA;18;Bestvi;2013;84.75000053;90;NA;NA;NA;NA
DSW18025;4.708333363;5;NA;NA;NA;NA;18;Domazlice;2013;84.75000053;90;NA;NA;NA;NA
DSW18024;4.562500029;5.041666667;NA;NA;NA;NA;18;Domazlice;2013;82.12500053;90.75;NA;NA;NA;NA
PSW21010;4.5;5.0625;NA;NA;NA;NA;21;Praha;2013;94.5;106.3125;NA;NA;NA;NA
KSW18004;6.427083333;5.208333333;NA;NA;NA;NA;18;Klatovy;2013;115.6875;93.75;NA;NA;NA;NA
PSW21017;4.458333363;5.229166667;NA;NA;NA;NA;21;Praha;2013;93.62500061;109.8125;NA;NA;NA;NA
PSW15005;7.5625;5.875;NA;NA;NA;NA;15;Praha;2013;113.4375;88.125;NA;NA;NA;NA
137P15;9;6;NA;NA;NA;NA;15;Praha;2012;135;90;NA;NA;NA;NA
PSW15008;7.437500029;6.125;NA;NA;NA;NA;15;Praha;2013;111.5625004;91.875;NA;NA;NA;NA
BSW15006;6.541666696;6.9375;NA;NA;NA;NA;15;Bestvi;2013;98.12500044;104.0625;NA;NA;NA;NA
PSW15006;8.5625;7.770833333;NA;NA;NA;NA;15;Praha;2013;128.4375;116.5625;NA;NA;NA;NA
BSW15007;6.541666696;7.875;NA;NA;NA;NA;15;Bestvi;2013;98.12500044;118.125;NA;NA;NA;NA
BSW15005;7.437500029;7.947916667;NA;NA;NA;NA;15;Bestvi;2013;111.5625004;119.21875;NA;NA;NA;NA
PSW15009;7.437500029;7.947916667;NA;NA;NA;NA;15;Praha;2013;111.5625004;119.21875;NA;NA;NA;NA
PSW15012;8.6875;7.958333333;NA;NA;NA;NA;15;Praha;2013;130.3125;119.375;NA;NA;NA;NA
BSW15009;6.541666667;15;NA;NA;NA;NA;15;Bestvi;2013;98.125;225;NA;NA;NA;NA
128P21;3;NA;NA;NA;NA;NA;21;Praha;2012;63;NA;NA;NA;NA;NA
129P21;3;NA;NA;NA;NA;NA;21;Praha;2012;63;NA;NA;NA;NA;NA
102B25;3;NA;NA;NA;NA;NA;25;Bestvi;2012;75;NA;NA;NA;NA;NA
103B25;3;NA;NA;NA;NA;NA;25;Bestvi;2012;75;NA;NA;NA;NA;NA
104B25;3;NA;NA;NA;NA;NA;25;Bestvi;2012;75;NA;NA;NA;NA;NA
105B25;3;NA;NA;NA;NA;NA;25;Bestvi;2012;75;NA;NA;NA;NA;NA
106B25;3;NA;NA;NA;NA;NA;25;Bestvi;2012;75;NA;NA;NA;NA;NA
107B25;3;NA;NA;NA;NA;NA;25;Bestvi;2012;75;NA;NA;NA;NA;NA
108B25;3;NA;NA;NA;NA;NA;25;Bestvi;2012;75;NA;NA;NA;NA;NA
109B25;3;NA;NA;NA;NA;NA;25;Bestvi;2012;75;NA;NA;NA;NA;NA
110B25;3;NA;NA;NA;NA;NA;25;Bestvi;2012;75;NA;NA;NA;NA;NA
111B25;3;NA;NA;NA;NA;NA;25;Bestvi;2012;75;NA;NA;NA;NA;NA
112B25;3;NA;NA;NA;NA;NA;25;Bestvi;2012;75;NA;NA;NA;NA;NA
113B25;3;NA;NA;NA;NA;NA;25;Bestvi;2012;75;NA;NA;NA;NA;NA
114B25;3;NA;NA;NA;NA;NA;25;Bestvi;2012;75;NA;NA;NA;NA;NA
130P21;3;NA;NA;NA;NA;NA;21;Praha;2012;63;NA;NA;NA;NA;NA
BSW21019;3.333333333;NA;NA;NA;NA;NA;21;Bestvi;2013;70;NA;NA;NA;NA;NA
BSW21020;3.333333333;NA;NA;NA;NA;NA;21;Bestvi;2013;70;NA;NA;NA;NA;NA
BSW21009;3.4375;NA;NA;NA;NA;NA;21;Bestvi;2013;72.1875;NA;NA;NA;NA;NA
BSW21010;3.4375;NA;NA;NA;NA;NA;21;Bestvi;2013;72.1875;NA;NA;NA;NA;NA
BSW21013;3.46875;NA;NA;NA;NA;NA;21;Bestvi;2013;72.84375;NA;NA;NA;NA;NA
BSW21015;3.46875;NA;NA;NA;NA;NA;21;Bestvi;2013;72.84375;NA;NA;NA;NA;NA
PSW21023;3.46875;NA;NA;NA;NA;NA;21;Praha;2013;72.84375;NA;NA;NA;NA;NA
BSW21022;3.5625;NA;NA;NA;NA;NA;21;Bestvi;2013;74.8125;NA;NA;NA;NA;NA
PSW21044;3.666666667;NA;NA;NA;NA;NA;21;Praha;2013;77;NA;NA;NA;NA;NA
BSW21030;3.6875;NA;NA;NA;NA;NA;21;Bestvi;2013;77.4375;NA;NA;NA;NA;NA
BSW21031;3.6875;NA;NA;NA;NA;NA;21;Bestvi;2013;77.4375;NA;NA;NA;NA;NA
133B15;4;NA;NA;NA;NA;NA;15;Bestvi;2012;60;NA;NA;NA;NA;NA
134B15;4;NA;NA;NA;NA;NA;15;Bestvi;2012;60;NA;NA;NA;NA;NA
135R15;4;NA;NA;NA;NA;NA;15;Praha;2012;60;NA;NA;NA;NA;NA
KSW18007;4.395833333;NA;NA;NA;NA;NA;18;Klatovy;2013;79.125;NA;NA;NA;NA;NA
PSW21038;4.395833333;NA;NA;NA;NA;NA;21;Praha;2013;92.3125;NA;NA;NA;NA;NA
DSW18003;4.416666667;NA;NA;NA;NA;NA;18;Domazlice;2013;79.5;NA;NA;NA;NA;NA
BSW21018;4.4375;NA;NA;NA;NA;NA;21;Bestvi;2013;93.1875;NA;NA;NA;NA;NA
PSW21024;4.4375;NA;NA;NA;NA;NA;21;Praha;2013;93.1875;NA;NA;NA;NA;NA
PSW21059;4.4375;NA;NA;NA;NA;NA;21;Praha;2013;93.1875;NA;NA;NA;NA;NA
PSW21064;4.4375;NA;NA;NA;NA;NA;21;Praha;2013;93.1875;NA;NA;NA;NA;NA
BSW21012;4.458333333;NA;NA;NA;NA;NA;21;Bestvi;2013;93.625;NA;NA;NA;NA;NA
BSW21026;4.458333333;NA;NA;NA;NA;NA;21;Bestvi;2013;93.625;NA;NA;NA;NA;NA
BSW21028;4.458333333;NA;NA;NA;NA;NA;21;Bestvi;2013;93.625;NA;NA;NA;NA;NA
PSW21022;4.458333333;NA;NA;NA;NA;NA;21;Praha;2013;93.625;NA;NA;NA;NA;NA
PSW21016;4.458333363;NA;NA;NA;NA;NA;21;Praha;2013;93.62500061;NA;NA;NA;NA;NA
PSW21011;4.5;NA;NA;NA;NA;NA;21;Praha;2013;94.5;NA;NA;NA;NA;NA
BSW18035;4.541666667;NA;NA;NA;NA;NA;18;Bestvi;2013;81.75;NA;NA;NA;NA;NA
DSW18027;4.541666667;NA;NA;NA;NA;NA;18;Domazlice;2013;81.75;NA;NA;NA;NA;NA
BSW2100?;4.541666667;NA;NA;NA;NA;NA;21;Bestvi;2013;95.375;NA;NA;NA;NA;NA
PSW21043;4.562500029;NA;NA;NA;NA;NA;21;Praha;2013;95.81250061;NA;NA;NA;NA;NA
PSW18018;4.635416667;NA;NA;NA;NA;NA;18;Praha;2013;83.4375;NA;NA;NA;NA;NA
PSW21027;4.661458333;NA;NA;NA;NA;NA;21;Praha;2013;97.890625;NA;NA;NA;NA;NA
PSW21028;4.661458363;NA;NA;NA;NA;NA;21;Praha;2013;97.89062561;NA;NA;NA;NA;NA
BSW18029;4.6875;NA;NA;NA;NA;NA;18;Bestvi;2013;84.375;NA;NA;NA;NA;NA
BSW21029;4.708333333;NA;NA;NA;NA;NA;21;Bestvi;2013;98.875;NA;NA;NA;NA;NA
PSW21029;4.739583333;NA;NA;NA;NA;NA;21;Praha;2013;99.53125;NA;NA;NA;NA;NA
DSW18012;5.46875;NA;NA;NA;NA;NA;18;Domazlice;2013;98.4375;NA;NA;NA;NA;NA
PSW18006;5.479166667;NA;NA;NA;NA;NA;18;Praha;2013;98.625;NA;NA;NA;NA;NA
PSW18008;5.479166667;NA;NA;NA;NA;NA;18;Praha;2013;98.625;NA;NA;NA;NA;NA
PSW21014;5.479166667;NA;NA;NA;NA;NA;21;Praha;2013;115.0625;NA;NA;NA;NA;NA
PSW18030;5.489583333;NA;NA;NA;NA;NA;18;Praha;2013;98.8125;NA;NA;NA;NA;NA
BSW21004002;5.5;NA;NA;NA;NA;NA;21;Bestvi;2013;115.5;NA;NA;NA;NA;NA
BSW21004003;5.5;NA;NA;NA;NA;NA;21;Bestvi;2013;115.5;NA;NA;NA;NA;NA
BSW21004004;5.5;NA;NA;NA;NA;NA;21;Bestvi;2013;115.5;NA;NA;NA;NA;NA
BSW21004005;5.5;NA;NA;NA;NA;NA;21;Bestvi;2013;115.5;NA;NA;NA;NA;NA
PSW18032;5.520833333;NA;NA;NA;NA;NA;18;Praha;2013;99.375;NA;NA;NA;NA;NA
BSW18038;5.541666667;NA;NA;NA;NA;NA;18;Bestvi;2013;99.75;NA;NA;NA;NA;NA
PSW18003;5.541666667;NA;NA;NA;NA;NA;18;Praha;2013;99.75;NA;NA;NA;NA;NA
BSW18036;5.604166667;NA;NA;NA;NA;NA;18;Bestvi;2013;100.875;NA;NA;NA;NA;NA
BSW18037;5.604166667;NA;NA;NA;NA;NA;18;Bestvi;2013;100.875;NA;NA;NA;NA;NA
KSW18010;5.604166667;NA;NA;NA;NA;NA;18;Klatovy;2013;100.875;NA;NA;NA;NA;NA
PSW18036;5.604166667;NA;NA;NA;NA;NA;18;Praha;2013;100.875;NA;NA;NA;NA;NA
PSW18037;5.604166667;NA;NA;NA;NA;NA;18;Praha;2013;100.875;NA;NA;NA;NA;NA
PSW18038;5.604166667;NA;NA;NA;NA;NA;18;Praha;2013;100.875;NA;NA;NA;NA;NA
BSW18006;5.661458333;NA;NA;NA;NA;NA;18;Bestvi;2013;101.90625;NA;NA;NA;NA;NA
BSW18030;5.708333363;NA;NA;NA;NA;NA;18;Bestvi;2013;102.7500005;NA;NA;NA;NA;NA
BSW18031;5.708333363;NA;NA;NA;NA;NA;18;Bestvi;2013;102.7500005;NA;NA;NA;NA;NA
PSW18021;5.739583363;NA;NA;NA;NA;NA;18;Praha;2013;103.3125005;NA;NA;NA;NA;NA
BSW18021;6.427083333;NA;NA;NA;NA;NA;18;Bestvi;2013;115.6875;NA;NA;NA;NA;NA
BSW18022;6.427083333;NA;NA;NA;NA;NA;18;Bestvi;2013;115.6875;NA;NA;NA;NA;NA
KSW18006;6.458333333;NA;NA;NA;NA;NA;18;Klatovy;2013;116.25;NA;NA;NA;NA;NA
PSW21013;6.479166667;NA;NA;NA;NA;NA;21;Praha;2013;136.0625;NA;NA;NA;NA;NA
PSW21025;6.53125;NA;NA;NA;NA;NA;21;Praha;2013;137.15625;NA;NA;NA;NA;NA
BSW15008;6.541666667;NA;NA;NA;NA;NA;15;Bestvi;2013;98.125;NA;NA;NA;NA;NA
BSW15010;6.541666667;NA;NA;NA;NA;NA;15;Bestvi;2013;98.125;NA;NA;NA;NA;NA
PSW18016;6.59375;NA;NA;NA;NA;NA;18;Praha;2013;118.6875;NA;NA;NA;NA;NA
KSW18012;6.604166667;NA;NA;NA;NA;NA;18;Klatovy;2013;118.875;NA;NA;NA;NA;NA
BSW18033;6.6875;NA;NA;NA;NA;NA;18;Bestvi;2013;120.375;NA;NA;NA;NA;NA
BSW18010;6.786458333;NA;NA;NA;NA;NA;18;Bestvi;2013;122.15625;NA;NA;NA;NA;NA
BSW15001;6.786458363;NA;NA;NA;NA;NA;15;Bestvi;2013;101.7968754;NA;NA;NA;NA;NA
BSW15004;7.437500029;NA;NA;NA;NA;NA;15;Bestvi;2013;111.5625004;NA;NA;NA;NA;NA
PSW15002;7.5;NA;NA;NA;NA;NA;15;Praha;2013;112.5;NA;NA;NA;NA;NA
BSW15002;7.578125029;NA;NA;NA;NA;NA;15;Bestvi;2013;113.6718754;NA;NA;NA;NA;NA
BSW18018;7.578125029;NA;NA;NA;NA;NA;18;Bestvi;2013;136.4062505;NA;NA;NA;NA;NA
BSW18018;7.578125029;NA;NA;NA;NA;NA;18;Bestvi;2013;136.4062505;NA;NA;NA;NA;NA
68P15;8;NA;NA;NA;NA;NA;15;Praha;2012;120;NA;NA;NA;NA;NA
69P15;8;NA;NA;NA;NA;NA;15;Praha;2012;120;NA;NA;NA;NA;NA
BSW15003;8.5625;NA;NA;NA;NA;NA;15;Bestvi;2013;128.4375;NA;NA;NA;NA;NA
PSW15007;8.5625;NA;NA;NA;NA;NA;15;Praha;2013;128.4375;NA;NA;NA;NA;NA
PSW15011;9.604166696;NA;NA;NA;NA;NA;15;Praha;2013;144.0625004;NA;NA;NA;NA;NA
PSW15013;9.708333363;NA;NA;NA;NA;NA;15;Praha;2013;145.6250004;NA;NA;NA;NA;NA
100P15;10;NA;NA;NA;NA;NA;15;Praha;2012;150;NA;NA;NA;NA;NA
10B15;12;NA;NA;NA;NA;NA;15;Bestvi;2012;180;NA;NA;NA;NA;NA
126B25;NA;NA;NA;NA;NA;NA;25;Bestvi;2012;NA;NA;NA;NA;NA;NA
17P15;NA;NA;NA;NA;NA;NA;15;Praha;2012;NA;NA;NA;NA;NA;NA
18P15;NA;NA;NA;NA;NA;NA;15;Praha;2012;NA;NA;NA;NA;NA;NA
19P15;NA;NA;NA;NA;NA;NA;15;Praha;2012;NA;NA;NA;NA;NA;NA
44B15;NA;NA;NA;NA;NA;NA;15;Bestvi;2012;NA;NA;NA;NA;NA;NA
58B21;NA;NA;NA;NA;NA;NA;21;Bestvi;2012;NA;NA;NA;NA;NA;NA
BSW18008;NA;NA;NA;NA;NA;NA;18;Bestvi;2013;NA;NA;NA;NA;NA;NA
BSW18011;NA;NA;NA;NA;NA;NA;18;Bestvi;2013;NA;NA;NA;NA;NA;NA
BSW21003001;NA;NA;NA;NA;NA;NA;21;Bestvi;2013;NA;NA;NA;NA;NA;NA
BSW21005001;NA;NA;NA;NA;NA;NA;21;Bestvi;2013;NA;NA;NA;NA;NA;NA
BSW21016;NA;NA;NA;NA;NA;NA;21;Bestvi;2013;NA;NA;NA;NA;NA;NA
BSW21017;NA;NA;NA;NA;NA;NA;21;Bestvi;2013;NA;NA;NA;NA;NA;NA
DSW18009;NA;NA;NA;NA;NA;NA;18;Domazlice;2013;NA;NA;NA;NA;NA;NA
DSW18010;NA;NA;NA;NA;NA;NA;18;Domazlice;2013;NA;NA;NA;NA;NA;NA
DSW18021;NA;NA;NA;NA;NA;NA;18;Domazlice;2013;NA;NA;NA;NA;NA;NA
KSW1801001;NA;NA;NA;NA;NA;NA;18;Klatovy;2013;NA;NA;NA;NA;NA;NA
PSW18004;NA;NA;NA;NA;NA;NA;18;Praha;2013;NA;NA;NA;NA;NA;NA
PSW18009;NA;NA;NA;NA;NA;NA;18;Praha;2013;NA;NA;NA;NA;NA;NA
PSW18010;NA;NA;NA;NA;NA;NA;18;Praha;2013;NA;NA;NA;NA;NA;NA
PSW1803003;NA;NA;NA;NA;NA;NA;18;Praha;2013;NA;NA;NA;NA;NA;NA
PSW1803006;NA;NA;NA;NA;NA;NA;18;Praha;2013;NA;NA;NA;NA;NA;NA
PSW21012;NA;NA;NA;NA;NA;NA;21;Praha;2013;NA;NA;NA;NA;NA;NA
PSW21019;NA;NA;NA;NA;NA;NA;21;Praha;2013;NA;NA;NA;NA;NA;NA
BSW21001001;5.541666667;NA;NA;NA;NA;21;21;Bestvi;2013;116.375;NA;NA;NA;NA;441
BSW21002001;NA;NA;NA;NA;NA;21;21;Bestvi;2013;NA;NA;NA;NA;NA;441
